{"skeleton":{"hash":"cgzlqODgjmmuDw9v2ibfasERRdg","spine":"3.6.53","width":272.32,"height":256.12,"images":""},"bones":[{"name":"root"},{"name":"bone","parent":"root"},{"name":"帽子","parent":"bone","x":-45.03,"y":40.25},{"name":"帽子光效","parent":"帽子","x":-7,"scaleX":1.4,"scaleY":1.4},{"name":"帽子影子","parent":"bone","x":-41.83,"y":28.73},{"name":"筹码","parent":"bone","x":14.24,"y":-12.15},{"name":"背景文字","parent":"bone","x":-4.65,"y":-5.56},{"name":"辉光","parent":"帽子","rotation":34.8,"x":18.66,"y":-22.66,"scaleX":1.65,"scaleY":1.29}],"slots":[{"name":"切图/tubiaobeijing","bone":"背景文字","attachment":"切图/tubiaobeijing"},{"name":"切图/redcouma27866","bone":"筹码","attachment":"切图/redcouma27866"},{"name":"切图/maozi-yinzi","bone":"帽子影子","attachment":"切图/maozi-yinzi"},{"name":"切图/maozi76235","bone":"帽子","attachment":"切图/maozi76235"},{"name":"背景文字","bone":"背景文字","attachment":"切图/icon/9"},{"name":"切图/光效存放/帽子光_00001","bone":"帽子光效","attachment":"切图/光效存放/帽子光_00029","blend":"additive"},{"name":"切图/光效存放/98ed760","bone":"辉光","attachment":"切图/光效存放/98ed760","blend":"additive"}],"skins":{"default":{"切图/maozi-yinzi":{"切图/maozi-yinzi":{"width":135,"height":130}},"切图/maozi76235":{"切图/maozi76235":{"width":134,"height":128}},"切图/redcouma27866":{"切图/redcouma27866":{"width":163,"height":161}},"切图/tubiaobeijing":{"切图/tubiaobeijing":{"width":201,"height":125}},"切图/光效存放/98ed760":{"切图/光效存放/98ed760":{"width":128,"height":128}},"切图/光效存放/帽子光_00001":{"切图/光效存放/帽子光_00001":{"width":126,"height":105},"切图/光效存放/帽子光_00005":{"width":126,"height":105},"切图/光效存放/帽子光_00009":{"width":126,"height":105},"切图/光效存放/帽子光_00013":{"width":126,"height":105},"切图/光效存放/帽子光_00017":{"width":126,"height":105},"切图/光效存放/帽子光_00021":{"width":126,"height":105},"切图/光效存放/帽子光_00025":{"width":126,"height":105},"切图/光效存放/帽子光_00029":{"width":126,"height":105}},"背景文字":{"切图/icon/9":{"x":4.27,"y":-65.83,"width":225,"height":74}}}},"animations":{"animation":{"slots":{"切图/光效存放/98ed760":{"color":[{"time":0,"color":"ffffff00"},{"time":1.0333,"color":"ffffff9a"},{"time":2,"color":"ffffff00"}]},"切图/光效存放/帽子光_00001":{"attachment":[{"time":0,"name":"切图/光效存放/帽子光_00001"},{"time":0.1333,"name":"切图/光效存放/帽子光_00005"},{"time":0.2667,"name":"切图/光效存放/帽子光_00009"},{"time":0.4,"name":"切图/光效存放/帽子光_00013"},{"time":0.5333,"name":"切图/光效存放/帽子光_00017"},{"time":0.6667,"name":"切图/光效存放/帽子光_00021"},{"time":0.8,"name":"切图/光效存放/帽子光_00025"},{"time":0.9333,"name":"切图/光效存放/帽子光_00029"},{"time":1.0667,"name":"切图/光效存放/帽子光_00001"},{"time":1.2,"name":"切图/光效存放/帽子光_00005"},{"time":1.3333,"name":"切图/光效存放/帽子光_00009"},{"time":1.4667,"name":"切图/光效存放/帽子光_00013"},{"time":1.6,"name":"切图/光效存放/帽子光_00017"},{"time":1.7333,"name":"切图/光效存放/帽子光_00021"},{"time":1.8667,"name":"切图/光效存放/帽子光_00025"},{"time":2,"name":"切图/光效存放/帽子光_00029"}]}},"bones":{"帽子":{"translate":[{"time":0,"x":0,"y":0,"curve":[0.593,0,0.593,1]},{"time":1.0333,"x":0.9,"y":-5.88,"curve":[0.469,0,0.617,1]},{"time":2,"x":0,"y":0}]},"帽子影子":{"translate":[{"time":0,"x":-6.33,"y":-5.33,"curve":[0.25,0,0.75,1]},{"time":1.0333,"x":-3.08,"y":-3.25,"curve":[0.25,0,0.75,1]},{"time":2,"x":-6.33,"y":-5.33}]},"筹码":{"translate":[{"time":0,"x":0,"y":0,"curve":[0.25,0,0.75,1]},{"time":1.0333,"x":2,"y":4,"curve":[0.25,0,0.75,1]},{"time":2,"x":0,"y":0}]}}}}}