{"frameRate":24,"armature":[{"defaultActions":[{"gotoAndPlay":"animtion0"}],"type":"Armature","frameRate":24,"animation":[{"playTimes":0,"slot":[{"frame":[{"tweenEasing":0,"duration":2},{"displayIndex":1,"tweenEasing":0,"duration":2},{"displayIndex":2,"tweenEasing":0,"duration":2},{"displayIndex":3,"tweenEasing":0,"duration":2},{"displayIndex":4,"tweenEasing":0,"duration":2},{"displayIndex":5,"tweenEasing":0,"duration":2},{"displayIndex":6,"tweenEasing":0,"duration":2},{"displayIndex":7,"tweenEasing":0,"duration":2},{"displayIndex":8,"tweenEasing":0,"duration":2},{"displayIndex":9,"tweenEasing":0,"duration":2},{"displayIndex":10,"tweenEasing":0,"duration":2},{"displayIndex":11,"tweenEasing":0,"duration":2},{"displayIndex":12,"tweenEasing":0,"duration":1},{"displayIndex":12,"tweenEasing":0,"duration":1},{"displayIndex":13,"tweenEasing":0,"color":{"aM":88},"duration":2},{"displayIndex":14,"tweenEasing":0,"color":{"aM":66},"duration":2},{"displayIndex":15,"tweenEasing":0,"color":{"aM":44},"duration":2},{"displayIndex":16,"tweenEasing":0,"color":{"aM":22},"duration":2},{"displayIndex":17,"tweenEasing":null,"color":{"aM":0},"duration":0}],"name":"yanhua_001"}],"ffd":[],"ik":[],"frame":[],"bone":[{"frame":[{"transform":{},"duration":34}],"name":"root"}],"name":"animtion0","duration":34}],"skin":[{"slot":[{"display":[{"path":"yanhua_001","type":"image","name":"yanhua_001","transform":{}},{"path":"yanhua_004","type":"image","name":"yanhua_004","transform":{}},{"path":"yanhua_007","type":"image","name":"yanhua_007","transform":{}},{"path":"yanhua_010","type":"image","name":"yanhua_010","transform":{}},{"path":"yanhua_013","type":"image","name":"yanhua_013","transform":{}},{"path":"yanhua_017","type":"image","name":"yanhua_017","transform":{}},{"path":"yanhua_020","type":"image","name":"yanhua_020","transform":{}},{"path":"yanhua_023","type":"image","name":"yanhua_023","transform":{}},{"path":"yanhua_026","type":"image","name":"yanhua_026","transform":{}},{"path":"yanhua_029","type":"image","name":"yanhua_029","transform":{}},{"path":"yanhua_032","type":"image","name":"yanhua_032","transform":{}},{"path":"yanhua_035","type":"image","name":"yanhua_035","transform":{}},{"path":"yanhua_038","type":"image","name":"yanhua_038","transform":{}},{"path":"yanhua_041","type":"image","name":"yanhua_041","transform":{"skX":0.0782,"skY":0.0782}},{"path":"yanhua_044","type":"image","name":"yanhua_044","transform":{"skX":0.0833,"skY":0.0833}},{"path":"yanhua_047","type":"image","name":"yanhua_047","transform":{}},{"path":"yanhua_050","type":"image","name":"yanhua_050","transform":{}},{"path":"yanhua_053","type":"image","name":"yanhua_053","transform":{}}],"name":"yanhua_001"}],"name":""}],"ik":[],"bone":[{"name":"root","transform":{}}],"aabb":{"width":281,"y":-147,"height":294,"x":-140.5},"slot":[{"displayIndex":17,"name":"yanhua_001","parent":"root","color":{}}],"name":"Armature"},{"defaultActions":[{"gotoAndPlay":""}],"type":"MovieClip","frameRate":24,"animation":[],"skin":[],"ik":[],"bone":[{"name":"root","transform":{}}],"aabb":{"width":0,"y":0,"height":0,"x":0},"slot":[],"name":"MovieClip"}],"isGlobal":0,"name":"yanhua","version":"5.0"}