{"imagePath":"yanhua_tex.png","width":512,"SubTexture":[{"frameHeight":294,"y":421,"frameX":-94,"width":78,"frameY":-75,"height":134,"name":"yanhua_023","frameWidth":281,"x":386},{"frameHeight":294,"y":98,"frameX":-119,"width":28,"frameY":-231,"height":44,"name":"yanhua_001","frameWidth":281,"x":474},{"frameHeight":294,"y":217,"frameX":-15,"width":233,"frameY":-24,"height":202,"name":"yanhua_047","frameWidth":281,"x":237},{"frameHeight":294,"y":421,"frameX":-37,"width":181,"frameY":-38,"height":177,"name":"yanhua_038","frameWidth":281,"x":203},{"frameHeight":294,"y":1,"frameX":-22,"width":235,"frameY":-18,"height":214,"name":"yanhua_050","frameWidth":281,"x":237},{"frameHeight":294,"y":758,"frameX":-108,"width":50,"frameY":-87,"height":141,"name":"yanhua_020","frameWidth":281,"x":133},{"frameHeight":294,"y":230,"frameX":-21,"width":218,"frameY":-30,"height":189,"name":"yanhua_044","frameWidth":281,"x":1},{"frameHeight":294,"y":421,"frameX":-29,"width":200,"frameY":-34,"height":190,"name":"yanhua_041","frameWidth":281,"x":1},{"frameHeight":294,"y":421,"frameX":-119,"width":28,"frameY":-114,"height":136,"name":"yanhua_017","frameWidth":281,"x":466},{"frameHeight":294,"y":613,"frameX":-119,"width":28,"frameY":-135,"height":140,"name":"yanhua_013","frameWidth":281,"x":155},{"frameHeight":294,"y":758,"frameX":-68,"width":130,"frameY":-57,"height":123,"name":"yanhua_029","frameWidth":281,"x":1},{"frameHeight":294,"y":217,"frameX":-119,"width":28,"frameY":-156,"height":119,"name":"yanhua_010","frameWidth":281,"x":472},{"frameHeight":294,"y":600,"frameX":-81,"width":105,"frameY":-66,"height":128,"name":"yanhua_026","frameWidth":281,"x":371},{"frameHeight":294,"y":1,"frameX":-30,"width":234,"frameY":-13,"height":227,"name":"yanhua_053","frameWidth":281,"x":1},{"frameHeight":294,"y":613,"frameX":-57,"width":152,"frameY":-50,"height":143,"name":"yanhua_032","frameWidth":281,"x":1},{"frameHeight":294,"y":1,"frameX":-119,"width":28,"frameY":-180,"height":95,"name":"yanhua_007","frameWidth":281,"x":474},{"frameHeight":294,"y":600,"frameX":-47,"width":166,"frameY":-44,"height":160,"name":"yanhua_035","frameWidth":281,"x":203},{"frameHeight":294,"y":338,"frameX":-119,"width":28,"frameY":-204,"height":71,"name":"yanhua_004","frameWidth":281,"x":472}],"height":1024,"name":"yanhua"}