{"frameRate":24,"armature":[{"ik":[],"aabb":{"width":113.94845032104192,"y":-141.16537367012216,"height":184.16537367012216,"x":-56.756194112016196},"type":"Armature","frameRate":24,"animation":[{"ffd":[],"ik":[],"playTimes":0,"duration":51,"frame":[],"bone":[{"frame":[{"transform":{},"duration":51}],"name":"root"},{"frame":[{"tweenEasing":0,"transform":{"y":66.7261},"duration":10},{"tweenEasing":0,"transform":{"y":38.5562,"x":3.027},"duration":10},{"tweenEasing":0,"transform":{"y":21.5105,"x":-13.2431},"duration":13},{"tweenEasing":0,"transform":{"y":9.9701,"x":-7.9458},"duration":8},{"transform":{"y":6.4323,"x":3.2162},"duration":10}],"name":"light1"},{"frame":[{"tweenEasing":0,"transform":{"y":5.8648},"duration":9},{"tweenEasing":0,"transform":{"y":-12.422,"x":-7.1891},"duration":11},{"tweenEasing":0,"transform":{"y":-30.0062,"x":-1.5679},"duration":13},{"tweenEasing":0,"transform":{"y":-38.8968,"x":-8.2334},"duration":8},{"transform":{"y":-47.0318,"x":-12.2782},"duration":10}],"name":"light11"},{"frame":[{"tweenEasing":0,"transform":{"y":10.6701},"duration":15},{"tweenEasing":0,"transform":{},"duration":11},{"transform":{"y":-6.9999,"x":4.1621},"duration":25}],"name":"light111"},{"frame":[{"tweenEasing":0,"transform":{"y":35.813},"duration":10},{"tweenEasing":0,"transform":{"y":18.3511,"x":6.8107},"duration":10},{"tweenEasing":0,"transform":{"y":10.4053,"x":-2.7243},"duration":13},{"tweenEasing":0,"transform":{"y":-3.1594,"x":4.5405},"duration":8},{"transform":{"y":-12.2971,"x":10.7836},"duration":10}],"name":"light112"},{"frame":[{"tweenEasing":0,"transform":{"y":22.4375},"duration":11},{"tweenEasing":0,"transform":{"y":4.0516,"x":-6.6215},"duration":14},{"tweenEasing":0,"transform":{"y":-9.2701},"duration":10},{"transform":{"y":-13.6971,"x":-8.7026},"duration":16}],"name":"light12"},{"frame":[{"tweenEasing":0,"transform":{},"duration":15},{"tweenEasing":0,"transform":{"y":-8.7026,"x":6.4702},"duration":11},{"transform":{"y":-16.2701,"x":0.4162},"duration":25}],"name":"light13"},{"frame":[{"tweenEasing":0,"transform":{"y":-11.6812},"duration":6},{"tweenEasing":0,"transform":{"scX":0.85,"scY":1.04},"duration":3},{"tweenEasing":0,"transform":{"scX":0.82,"y":-12.1679,"scY":1.19},"duration":3},{"tweenEasing":0,"transform":{},"duration":39},{"transform":{},"duration":0}],"name":"个人中心按钮"}],"slot":[{"frame":[{"tweenEasing":0,"color":{"aM":95},"duration":21},{"tweenEasing":0,"duration":20},{"tweenEasing":null,"color":{"aM":0},"duration":10}],"name":"light1"},{"frame":[{"tweenEasing":0,"duration":18},{"tweenEasing":0,"duration":17},{"tweenEasing":null,"color":{"aM":0},"duration":16}],"name":"light11"},{"frame":[{"tweenEasing":0,"duration":17},{"tweenEasing":0,"duration":10},{"tweenEasing":null,"color":{"aM":0},"duration":24}],"name":"light111"},{"frame":[{"tweenEasing":0,"color":{"aM":0},"duration":27},{"tweenEasing":0,"duration":14},{"tweenEasing":null,"color":{"aM":0},"duration":10}],"name":"light112"},{"frame":[{"tweenEasing":0,"color":{"aM":34},"duration":25},{"tweenEasing":0,"duration":10},{"tweenEasing":null,"color":{"aM":0},"duration":16}],"name":"light12"},{"frame":[{"tweenEasing":0,"duration":17},{"tweenEasing":0,"duration":11},{"tweenEasing":null,"color":{"aM":0},"duration":23}],"name":"light13"}],"name":"animtion0"}],"bone":[{"name":"root","transform":{}},{"transform":{"scX":0.3,"y":-106.2501,"scY":0.3,"x":-3.4145},"name":"light1","parent":"root"},{"transform":{"scX":0.4,"y":-50.7645,"scY":0.4,"x":-5.6858},"name":"light11","parent":"root"},{"transform":{"scX":0.5,"y":-58.7142,"scY":0.5,"x":12.3389},"name":"light111","parent":"root"},{"transform":{"scX":0.3,"y":-82.7255,"scY":0.3,"x":1.3553},"name":"light112","parent":"root"},{"transform":{"scX":0.3,"y":-65.366,"scY":0.3,"x":-21.1958},"name":"light12","parent":"root"},{"transform":{"scX":0.2,"y":-43.1393,"scY":0.2,"x":21.7325},"name":"light13","parent":"root"},{"transform":{"y":-6.8,"x":-0.8},"name":"个人中心按钮","parent":"root"}],"defaultActions":[{"gotoAndPlay":"animtion0"}],"slot":[{"name":"light1","parent":"light1","color":{}},{"z":1,"name":"light11","parent":"light11","color":{}},{"z":2,"name":"light111","parent":"light111","color":{}},{"z":3,"name":"light112","parent":"light112","color":{}},{"z":4,"name":"个人中心按钮","parent":"个人中心按钮","color":{}},{"z":5,"name":"light12","parent":"light12","color":{}},{"z":6,"name":"light13","parent":"light13","color":{}}],"name":"Armature","skin":[{"slot":[{"display":[{"path":"light","type":"image","name":"light","transform":{"scX":0.5,"y":1.9491,"scY":0.5,"x":-0.2012}}],"name":"light11"},{"display":[{"path":"light","type":"image","name":"light","transform":{"scX":0.5,"y":1.9491,"scY":0.5,"x":-0.2012}}],"name":"light1"},{"display":[{"path":"light","type":"image","name":"light","transform":{"scX":0.5,"y":1.9491,"scY":0.5,"x":-0.2012}}],"name":"light13"},{"display":[{"path":"个人中心按钮","type":"image","name":"个人中心按钮","transform":{"y":1.8,"x":2.8}}],"name":"个人中心按钮"},{"display":[{"path":"light","type":"image","name":"light","transform":{"scX":0.5,"y":1.9491,"scY":0.5,"x":-0.2012}}],"name":"light12"},{"display":[{"path":"light","type":"image","name":"light","transform":{"scX":0.5,"y":1.9491,"scY":0.5,"x":-0.2012}}],"name":"light112"},{"display":[{"path":"light","type":"image","name":"light","transform":{"scX":0.5,"y":1.9491,"scY":0.5,"x":-0.2012}}],"name":"light111"}],"name":""}]},{"ik":[],"aabb":{"width":0,"y":0,"height":0,"x":0},"type":"MovieClip","frameRate":24,"animation":[],"bone":[{"name":"root","transform":{}}],"defaultActions":[{"gotoAndPlay":""}],"slot":[],"name":"MovieClip","skin":[]},{"ik":[],"aabb":{"width":0,"y":0,"height":0,"x":0},"type":"Sheet","frameRate":24,"animation":[],"bone":[{"name":"root","transform":{}}],"defaultActions":[{"gotoAndPlay":""}],"slot":[],"name":"Sprite","skin":[]}],"isGlobal":0,"name":"menu","version":"5.0"}