{"frameRate":24,"armature":[{"frameRate":24,"skin":[{"name":"","slot":[{"display":[{"type":"image","transform":{},"name":"light/reloadL_01","path":"light/reloadL_01"},{"type":"image","transform":{},"name":"light/reloadL_02","path":"light/reloadL_02"},{"type":"image","transform":{},"name":"light/reloadL_03","path":"light/reloadL_03"},{"type":"image","transform":{},"name":"light/reloadL_04","path":"light/reloadL_04"},{"type":"image","transform":{},"name":"light/reloadL_05","path":"light/reloadL_05"},{"type":"image","transform":{},"name":"light/reloadL_06","path":"light/reloadL_06"},{"type":"image","transform":{},"name":"light/reloadL_07","path":"light/reloadL_07"},{"type":"image","transform":{},"name":"light/reloadL_08","path":"light/reloadL_08"},{"type":"image","transform":{},"name":"light/reloadL_09","path":"light/reloadL_09"},{"type":"image","transform":{},"name":"light/reloadL_10","path":"light/reloadL_10"},{"type":"image","transform":{},"name":"light/reloadL_11","path":"light/reloadL_11"},{"type":"image","transform":{},"name":"light/reloadL_12","path":"light/reloadL_12"}],"name":"reloadL_01"}]}],"animation":[{"bone":[{"frame":[{"duration":24,"transform":{}}],"name":"root"}],"playTimes":0,"frame":[],"duration":24,"ffd":[],"name":"animtion0","ik":[],"slot":[{"name":"reloadL_01","frame":[{"duration":2,"tweenEasing":null},{"duration":2,"displayIndex":1,"tweenEasing":null},{"duration":2,"displayIndex":2,"tweenEasing":null},{"duration":2,"displayIndex":3,"tweenEasing":null},{"duration":2,"displayIndex":4,"tweenEasing":null},{"duration":2,"displayIndex":5,"tweenEasing":null},{"duration":2,"displayIndex":6,"tweenEasing":null},{"duration":2,"displayIndex":7,"tweenEasing":null},{"duration":2,"displayIndex":8,"tweenEasing":null},{"duration":2,"displayIndex":9,"tweenEasing":null},{"duration":2,"displayIndex":10,"tweenEasing":null},{"duration":1,"displayIndex":11,"tweenEasing":null},{"duration":1,"displayIndex":11,"tweenEasing":0},{"duration":0,"displayIndex":11,"color":{"aM":0},"tweenEasing":null}]}]}],"aabb":{"x":-35.5,"y":-35.5,"width":71,"height":71},"slot":[{"displayIndex":11,"color":{},"name":"reloadL_01","parent":"root"}],"bone":[{"transform":{},"name":"root"}],"type":"Armature","name":"Armature","ik":[],"defaultActions":[{"gotoAndPlay":"animtion0"}]},{"frameRate":24,"skin":[],"animation":[],"aabb":{"x":0,"y":0,"width":0,"height":0},"slot":[],"bone":[{"transform":{},"name":"root"}],"type":"MovieClip","name":"MovieClip","ik":[],"defaultActions":[{"gotoAndPlay":""}]},{"frameRate":24,"skin":[],"animation":[],"aabb":{"x":0,"y":0,"width":0,"height":0},"slot":[],"bone":[{"transform":{},"name":"root"}],"type":"Sheet","name":"Sprite","ik":[],"defaultActions":[{"gotoAndPlay":""}]}],"version":"5.0","isGlobal":0,"name":"Reload"}