{"SubTexture":[{"frameY":-6,"y":60,"frameX":-14,"frameHeight":71,"height":57,"frameWidth":71,"width":50,"name":"light/reloadL_09","x":1},{"frameY":-6,"y":1,"frameX":-6,"frameHeight":71,"height":57,"frameWidth":71,"width":53,"name":"light/reloadL_05","x":179},{"frameY":-6,"y":176,"frameX":-6,"frameHeight":71,"height":47,"frameWidth":71,"width":36,"name":"light/reloadL_03","x":46},{"frameY":-19,"y":119,"frameX":-30,"frameHeight":71,"height":44,"frameWidth":71,"width":34,"name":"light/reloadL_11","x":48},{"frameY":-6,"y":1,"frameX":-6,"frameHeight":71,"height":57,"frameWidth":71,"width":58,"name":"light/reloadL_07","x":61},{"frameY":-31,"y":60,"frameX":-39,"frameHeight":71,"height":32,"frameWidth":71,"width":25,"name":"light/reloadL_12","x":82},{"frameY":-6,"y":1,"frameX":-8,"frameHeight":71,"height":57,"frameWidth":71,"width":56,"name":"light/reloadL_08","x":121},{"frameY":-6,"y":60,"frameX":-6,"frameHeight":71,"height":35,"frameWidth":71,"width":27,"name":"light/reloadL_02","x":53},{"frameY":-6,"y":1,"frameX":-6,"frameHeight":71,"height":57,"frameWidth":71,"width":58,"name":"light/reloadL_06","x":1},{"frameY":-9,"y":176,"frameX":-21,"frameHeight":71,"height":54,"frameWidth":71,"width":43,"name":"light/reloadL_10","x":1},{"frameY":-6,"y":119,"frameX":-6,"frameHeight":71,"height":55,"frameWidth":71,"width":45,"name":"light/reloadL_04","x":1},{"frameY":-6,"y":94,"frameX":-6,"frameHeight":71,"height":23,"frameWidth":71,"width":18,"name":"light/reloadL_01","x":82}],"width":256,"name":"Reload","imagePath":"Reload_tex.png","height":256}