{"frameRate":24,"armature":[{"defaultActions":[{"gotoAndPlay":"animtion0"}],"type":"Armature","frameRate":24,"animation":[{"playTimes":0,"slot":[{"frame":[{"tweenEasing":0,"color":{"aM":30},"duration":20},{"tweenEasing":0,"color":{"aM":33},"duration":22},{"tweenEasing":0,"color":{"aM":92},"duration":21},{"tweenEasing":0,"color":{"aM":45},"duration":21},{"tweenEasing":null,"color":{"aM":0},"duration":0}],"name":"sl_01"},{"frame":[{"tweenEasing":0,"color":{"aM":63},"duration":24},{"tweenEasing":0,"duration":31},{"tweenEasing":0,"color":{"aM":49},"duration":29},{"tweenEasing":null,"duration":0}],"name":"bbl_L1"},{"frame":[{"tweenEasing":null,"color":{"aM":16},"duration":84}],"name":"bbl_L11"},{"frame":[{"tweenEasing":0,"color":{"aM":35},"duration":48},{"tweenEasing":0,"color":{"aM":56},"duration":27},{"tweenEasing":null,"color":{"aM":35},"duration":9}],"name":"Sl_02"},{"frame":[{"tweenEasing":0,"color":{"aM":35},"duration":34},{"tweenEasing":0,"color":{"aM":56},"duration":22},{"tweenEasing":null,"color":{"aM":35},"duration":28}],"name":"sl_05"},{"frame":[{"tweenEasing":0,"duration":27},{"tweenEasing":0,"color":{"aM":0},"duration":1},{"tweenEasing":0,"color":{"aM":0},"duration":22},{"tweenEasing":0,"color":{"aM":0},"duration":1},{"tweenEasing":0,"duration":27},{"tweenEasing":null,"color":{"aM":0},"duration":6}],"name":"bbl_L2"},{"frame":[{"tweenEasing":0,"color":{"aM":22},"duration":17},{"tweenEasing":0,"duration":20},{"tweenEasing":0,"color":{"aM":22},"duration":22},{"tweenEasing":0,"duration":25},{"tweenEasing":null,"color":{"aM":22},"duration":0}],"name":"icon_bbl_b_l"},{"frame":[{"tweenEasing":null,"color":{"aM":28},"duration":84}],"name":"B1_L"},{"frame":[{"tweenEasing":0,"color":{"aM":0},"duration":42},{"tweenEasing":0,"color":{"aM":0},"duration":19},{"tweenEasing":0,"color":{"aM":70},"duration":8},{"tweenEasing":0,"duration":15},{"tweenEasing":null,"color":{"aM":41},"duration":0}],"name":"r_01"},{"frame":[{"tweenEasing":0,"color":{"aM":0},"duration":29},{"tweenEasing":0,"color":{"aM":0},"duration":28},{"tweenEasing":0,"duration":27},{"tweenEasing":null,"color":{"aM":0},"duration":0}],"name":"r_02"},{"frame":[{"tweenEasing":0,"color":{"aM":51},"duration":18},{"tweenEasing":0,"duration":20},{"tweenEasing":0,"duration":46},{"tweenEasing":null,"color":{"aM":0},"duration":0}],"name":"r_03"},{"frame":[{"tweenEasing":0,"color":{"aM":63},"duration":28},{"tweenEasing":0,"color":{"aM":59},"duration":31},{"tweenEasing":null,"duration":25}],"name":"sl_042"},{"frame":[{"tweenEasing":0,"color":{"aM":63},"duration":28},{"tweenEasing":0,"color":{"aM":59},"duration":31},{"tweenEasing":null,"duration":25}],"name":"sl_032"},{"frame":[{"tweenEasing":0,"color":{"aM":63},"duration":24},{"tweenEasing":0,"duration":31},{"tweenEasing":0,"color":{"aM":49},"duration":29},{"tweenEasing":null,"duration":0}],"name":"bbl_L111"},{"frame":[{"tweenEasing":null,"color":{"aM":16},"duration":84}],"name":"bbl_L112"},{"frame":[{"tweenEasing":0,"color":{"aM":48},"duration":16},{"tweenEasing":0,"duration":16},{"tweenEasing":0,"color":{"aM":75},"duration":18},{"tweenEasing":0,"duration":15},{"tweenEasing":null,"color":{"aM":48},"duration":19}],"name":"B1_L1"},{"frame":[{"tweenEasing":0,"color":{"aM":39},"duration":28},{"tweenEasing":0,"color":{"aM":59},"duration":31},{"tweenEasing":null,"color":{"aM":39},"duration":25}],"name":"sl_03111"},{"frame":[{"tweenEasing":0,"color":{"aM":63},"duration":28},{"tweenEasing":0,"color":{"aM":59},"duration":31},{"tweenEasing":null,"color":{"aM":49},"duration":25}],"name":"sl_043"},{"frame":[{"tweenEasing":0,"color":{"aM":36},"duration":28},{"tweenEasing":0,"color":{"aM":27},"duration":31},{"tweenEasing":null,"color":{"aM":26},"duration":25}],"name":"sl_033"},{"frame":[{"tweenEasing":0,"color":{"aM":0},"duration":20},{"tweenEasing":0,"duration":20},{"tweenEasing":0,"color":{"aM":0},"duration":20},{"tweenEasing":0,"duration":24},{"tweenEasing":null,"color":{"aM":0},"duration":0}],"name":"mL02"},{"frame":[{"tweenEasing":0,"duration":20},{"tweenEasing":0,"color":{"aM":0},"duration":20},{"tweenEasing":0,"duration":20},{"tweenEasing":0,"color":{"aM":0},"duration":24},{"tweenEasing":null,"duration":0}],"name":"mL01"},{"frame":[{"displayIndex":-1,"tweenEasing":0,"color":{"aM":50},"duration":20},{"displayIndex":-1,"tweenEasing":0,"color":{"aM":0},"duration":20},{"displayIndex":-1,"tweenEasing":0,"color":{"aM":50},"duration":20},{"displayIndex":-1,"tweenEasing":0,"color":{"aM":0},"duration":24},{"displayIndex":-1,"tweenEasing":null,"color":{"aM":50},"duration":0}],"name":"mL011"},{"frame":[{"tweenEasing":0,"color":{"aM":0},"duration":20},{"tweenEasing":0,"color":{"aM":50},"duration":20},{"tweenEasing":0,"color":{"aM":0},"duration":20},{"tweenEasing":0,"color":{"aM":50},"duration":24},{"tweenEasing":null,"color":{"aM":0},"duration":0}],"name":"mL021"},{"frame":[{"tweenEasing":0,"color":{"aM":50},"duration":27},{"tweenEasing":0,"color":{"aM":0},"duration":1},{"tweenEasing":0,"color":{"aM":0},"duration":22},{"tweenEasing":0,"color":{"aM":0},"duration":1},{"tweenEasing":0,"color":{"aM":30},"duration":27},{"tweenEasing":null,"color":{"aM":0},"duration":6}],"name":"bbl_L21"},{"frame":[{"tweenEasing":0,"color":{"aM":0},"duration":24},{"tweenEasing":0,"color":{"aM":33},"duration":6},{"tweenEasing":0,"color":{"aM":48},"duration":7},{"tweenEasing":null,"color":{"aM":0},"duration":47}],"name":"bbl_rl"},{"frame":[{"tweenEasing":0,"color":{"aM":0},"duration":24},{"tweenEasing":0,"color":{"aM":13},"duration":6},{"tweenEasing":0,"color":{"aM":27},"duration":7},{"tweenEasing":null,"color":{"aM":0},"duration":47}],"name":"bbl_rl1"}],"ffd":[],"ik":[],"frame":[],"bone":[{"frame":[{"transform":{},"duration":38},{"transform":{"skX":0.0096,"skY":0.0096},"duration":46}],"name":"root"},{"frame":[{"transform":{},"duration":84}],"name":"icon_bbl_b_l"},{"frame":[{"tweenEasing":0,"transform":{"scX":0.6499,"scY":0.8202},"duration":34},{"tweenEasing":0,"transform":{},"duration":48},{"transform":{"scX":0.6499,"scY":0.8202},"duration":2}],"name":"Sl_02"},{"frame":[{"tweenEasing":0,"transform":{"y":0.3376,"skX":177.5638,"skY":177.5638,"x":0.5064},"duration":40},{"tweenEasing":0,"transform":{"y":0.3376,"x":0.5064},"duration":44},{"transform":{"y":0.3376,"skX":-178.4362,"skY":-178.4362,"x":0.5064},"duration":0}],"name":"bbl_L1"},{"frame":[{"tweenEasing":0,"transform":{"scX":0.6499,"scY":0.6106},"duration":34},{"tweenEasing":0,"transform":{},"duration":48},{"transform":{"scX":0.6499,"scY":0.6106},"duration":2}],"name":"sl_05"},{"frame":[{"tweenEasing":0,"transform":{},"duration":32},{"tweenEasing":0,"transform":{"scX":0.671,"scY":0.6804},"duration":18},{"transform":{"scX":0.8504,"scY":0.8547},"duration":15},{"transform":{},"duration":19}],"name":"B1_L"},{"frame":[{"tweenEasing":0,"transform":{"skX":177.5638,"skY":177.5638},"duration":40},{"tweenEasing":0,"transform":{},"duration":44},{"transform":{"y":-0.0001,"skX":-178.4362,"skY":-178.4362,"x":0.8559},"duration":0}],"name":"bbl_L11"},{"frame":[{"tweenEasing":0,"transform":{},"duration":20},{"tweenEasing":0,"transform":{"skX":43.2609,"skY":43.2609},"duration":22},{"tweenEasing":0,"transform":{"skX":1.4864,"skY":1.4864},"duration":21},{"tweenEasing":0,"transform":{"skX":43.4364,"skY":43.4364},"duration":21},{"transform":{},"duration":0}],"name":"sl_01"},{"frame":[{"transform":{"y":1.5024},"duration":84}],"name":"r_01"},{"frame":[{"transform":{},"duration":8},{"transform":{"skX":-0.0379,"skY":-0.0379},"duration":76}],"name":"r_02"},{"frame":[{"transform":{"y":1.5024},"duration":84}],"name":"r_03"},{"frame":[{"tweenEasing":0,"transform":{},"duration":24},{"tweenEasing":0,"transform":{"y":-0.0047,"x":197.2315},"duration":1},{"tweenEasing":0,"transform":{},"duration":26},{"tweenEasing":0,"transform":{},"duration":24},{"transform":{"y":-0.0047,"x":197.2315},"duration":9}],"name":"bbl_L2"},{"frame":[{"tweenEasing":0,"transform":{"scX":0.428,"scY":0.5165,"skX":-28.1617,"skY":-28.1617},"duration":39},{"tweenEasing":0,"transform":{"scX":0.9468,"scY":0.955,"skX":40.3227,"skY":40.3227},"duration":4},{"tweenEasing":0,"transform":{"skX":33.8977,"skY":33.8977},"duration":41},{"transform":{"scX":0.428,"scY":0.5165,"skX":-31.9584,"skY":-31.9584},"duration":0}],"name":"sl_042"},{"frame":[{"tweenEasing":0,"transform":{"scX":0.428,"scY":0.5165},"duration":39},{"tweenEasing":0,"transform":{"scX":0.9468,"scY":0.955,"skX":-75.2092,"skY":-75.2092},"duration":4},{"tweenEasing":0,"transform":{"skX":-68.5239,"skY":-68.5239},"duration":16},{"transform":{"scX":0.7768,"scY":0.8113,"skX":-41.7829,"skY":-41.7829},"duration":25},{"transform":{"scX":0.428,"scY":0.5165},"duration":0}],"name":"sl_032"},{"frame":[{"tweenEasing":0,"transform":{"y":-0.2496,"skX":177.5638,"skY":177.5638,"x":0.3495},"duration":40},{"tweenEasing":0,"transform":{"y":-0.2496,"x":0.3495},"duration":44},{"transform":{"y":-0.2496,"skX":-178.4362,"skY":-178.4362,"x":0.3495},"duration":0}],"name":"bbl_L111"},{"frame":[{"tweenEasing":0,"transform":{"skX":177.5638,"skY":177.5638},"duration":40},{"tweenEasing":0,"transform":{},"duration":44},{"transform":{"y":-0.0001,"skX":-178.4362,"skY":-178.4362,"x":0.8559},"duration":0}],"name":"bbl_L112"},{"frame":[{"tweenEasing":0,"transform":{},"duration":32},{"tweenEasing":0,"transform":{"scX":0.671,"scY":0.6804},"duration":18},{"transform":{"scX":0.8504,"scY":0.8547},"duration":15},{"transform":{},"duration":19}],"name":"B1_L1"},{"frame":[{"tweenEasing":0,"transform":{"skX":-81.7405,"skY":-81.7405},"duration":43},{"tweenEasing":0,"transform":{"skX":-19.5205,"skY":-19.5205},"duration":16},{"transform":{"skX":-43.8015,"skY":-43.8015},"duration":25},{"transform":{"skX":-81.7405,"skY":-81.7405},"duration":0}],"name":"sl_03111"},{"frame":[{"tweenEasing":0,"transform":{"scX":0.428,"scY":0.5165,"skX":-28.1617,"skY":-28.1617},"duration":39},{"tweenEasing":0,"transform":{"scX":0.9468,"scY":0.955,"skX":40.3227,"skY":40.3227},"duration":4},{"tweenEasing":0,"transform":{"skX":33.8977,"skY":33.8977},"duration":41},{"transform":{"scX":0.428,"scY":0.5165,"skX":-31.9584,"skY":-31.9584},"duration":0}],"name":"sl_043"},{"frame":[{"tweenEasing":0,"transform":{"scX":0.428,"scY":0.5165},"duration":39},{"tweenEasing":0,"transform":{"scX":0.9468,"scY":0.955,"skX":-75.2092,"skY":-75.2092},"duration":4},{"tweenEasing":0,"transform":{"skX":-68.5239,"skY":-68.5239},"duration":16},{"transform":{"scX":0.7768,"scY":0.8113,"skX":-41.7829,"skY":-41.7829},"duration":25},{"transform":{"scX":0.428,"scY":0.5165},"duration":0}],"name":"sl_033"},{"frame":[{"tweenEasing":0,"transform":{},"duration":24},{"tweenEasing":0,"transform":{"y":-0.0047,"x":197.2315},"duration":1},{"tweenEasing":0,"transform":{},"duration":26},{"tweenEasing":0,"transform":{},"duration":24},{"transform":{"y":-0.0047,"x":197.2315},"duration":9}],"name":"bbl_L21"},{"frame":[{"tweenEasing":0,"transform":{},"duration":24},{"tweenEasing":0,"transform":{},"duration":6},{"tweenEasing":0,"transform":{"y":-10.5837,"scY":1.0433,"skX":2.7679,"skY":2.7679,"x":88.1572},"duration":7},{"transform":{"y":-13.1525,"scY":1.0939,"skX":5.9971,"skY":5.9971,"x":180.6162},"duration":47}],"name":"bbl_rl"},{"frame":[{"tweenEasing":0,"transform":{},"duration":24},{"tweenEasing":0,"transform":{},"duration":6},{"tweenEasing":0,"transform":{"y":11.4447,"scY":1.0433,"skX":-3.465,"skY":-3.465,"x":88.1572},"duration":7},{"transform":{"y":13.5333,"scY":1.0939,"skX":-7.5076,"skY":-7.5076,"x":180.6162},"duration":47}],"name":"bbl_rl1"},{"frame":[{"tweenEasing":0,"transform":{"x":5.4676},"duration":19},{"tweenEasing":0,"transform":{"y":-5.4676,"x":2.8705},"duration":21},{"tweenEasing":0,"transform":{},"duration":23},{"tweenEasing":0,"transform":{"y":-5.4676,"x":2.8705},"duration":21},{"transform":{"x":5.4676},"duration":0}],"name":"balloon"},{"frame":[{"tweenEasing":0,"transform":{"y":-2.0144,"x":-2.0144},"duration":19},{"tweenEasing":0,"transform":{},"duration":21},{"tweenEasing":0,"transform":{"y":-3.1653,"x":4.0285},"duration":23},{"tweenEasing":0,"transform":{},"duration":21},{"transform":{"y":-2.0144,"x":-2.0144},"duration":0}],"name":"balloon1"}],"name":"animtion0","duration":84}],"skin":[{"slot":[{"display":[{"path":"bbl_L1","type":"image","name":"bbl_L1","transform":{"y":0.3074,"x":-0.3045}}],"name":"bbl_L111"},{"display":[{"path":"B1_L","type":"image","name":"B1_L","transform":{"y":-51.9724,"skX":40.6013,"skY":40.6013,"x":35.8789}}],"name":"B1_L"},{"display":[{"path":"bbl_L1","type":"image","name":"bbl_L1","transform":{"y":0.4133,"x":-0.1046}}],"name":"bbl_L1"},{"display":[{"path":"b1","type":"image","name":"b1","transform":{"y":-14.4783,"x":321.7319}}],"name":"b1"},{"display":[{"path":"sl_03","type":"image","name":"sl_03","transform":{"scX":0.7975,"y":42.9433,"scY":0.7975,"skX":-166.5763,"skY":-166.5763,"x":-52.0712}}],"name":"sl_033"},{"display":[{"path":"front_b","type":"image","name":"front_b","transform":{"y":67.252}}],"name":"front_b"},{"display":[{"path":"r_01","type":"image","name":"r_01","transform":{"y":6.1986,"x":11.8476}}],"name":"r_01"},{"display":[{"path":"bbl_L2","type":"image","name":"bbl_L2","transform":{"y":-15.3132,"x":0.6962}}],"name":"bbl_L2"},{"display":[{"path":"bbl_rl","type":"image","name":"bbl_rl","transform":{"y":-0.6516,"x":3.4747}}],"name":"bbl_rl"},{"display":[{"path":"bbl_rl","type":"image","name":"bbl_rl","transform":{"y":-0.6516,"x":3.4747}}],"name":"bbl_rl1"},{"display":[{"path":"bbl_L1","type":"image","name":"bbl_L1","transform":{"y":2.3686,"x":-0.2946}}],"name":"bbl_L112"},{"display":[{"path":"balloon","type":"image","name":"balloon","transform":{"y":6.9643,"x":-1.0151}}],"name":"balloon"},{"display":[{"path":"背景示意图","type":"image","name":"背景示意图","transform":{"y":-0.4048,"skX":0.14,"skY":0.14,"x":-0.1349}}],"name":"背景示意图1"},{"display":[{"path":"mL01","type":"image","name":"mL01","transform":{"y":149.4071,"skX":90,"skY":90,"x":245.4642}}],"name":"mL011"},{"display":[{"path":"sl_03","type":"image","name":"sl_03","transform":{"scX":0.7975,"y":26.5023,"scY":0.7975,"skX":76.7595,"skY":76.7595,"x":52.402}}],"name":"sl_03111"},{"display":[{"path":"mL01","type":"image","name":"mL01","transform":{"y":22.2296,"x":241.8339}}],"name":"mL01"},{"display":[{"path":"r_02","type":"image","name":"r_02","transform":{"y":5.7793,"x":3.35}}],"name":"r_02"},{"display":[{"path":"bbl_L1","type":"image","name":"bbl_L1","transform":{"y":2.3686,"x":-0.2946}}],"name":"bbl_L11"},{"display":[{"path":"sl_03","type":"image","name":"sl_03","transform":{"scX":0.7975,"y":26.8041,"scY":0.7975,"skX":76.7595,"skY":76.7595,"x":53.6762}}],"name":"sl_032"},{"display":[{"path":"mL02","type":"image","name":"mL02","transform":{"y":154.4092,"skX":90,"skY":90,"x":243.8046}}],"name":"mL021"},{"display":[{"path":"B1_L","type":"image","name":"B1_L","transform":{"y":-51.9724,"skX":40.6013,"skY":40.6013,"x":35.8789}}],"name":"B1_L1"},{"display":[{"path":"balloon","type":"image","name":"balloon","transform":{"y":6.9643,"x":-1.0151}}],"name":"balloon1"},{"display":[{"path":"Sl_02","type":"image","name":"Sl_02","transform":{"y":2.721,"skX":90,"skY":90,"x":84.0075}}],"name":"Sl_02"},{"display":[{"path":"b2","type":"image","name":"b2","transform":{"y":-12.3116,"x":-258.6957}}],"name":"b2"},{"display":[{"path":"mL02","type":"image","name":"mL02","transform":{"y":22.7566,"x":241.7754}}],"name":"mL02"},{"display":[{"path":"r_03","type":"image","name":"r_03","transform":{"y":4.7119,"skX":-0.1343,"skY":-0.1343,"x":0.7}}],"name":"r_03"},{"display":[{"path":"icon_bbl_b","type":"image","name":"icon_bbl_b","transform":{"y":52.4028,"x":-41.8683}}],"name":"icon_bbl_b"},{"display":[{"path":"bg","type":"image","name":"bg","transform":{}}],"name":"bg"},{"display":[{"path":"sl_04","type":"image","name":"sl_04","transform":{"y":38.3252,"skX":135,"skY":135,"x":63.4162}}],"name":"sl_042"},{"display":[{"path":"bbl","type":"image","name":"bbl","transform":{"y":-5.792,"x":14.1296}}],"name":"bbl"},{"display":[{"path":"sl_04","type":"image","name":"sl_04","transform":{"y":-79.3285,"skX":-7.58,"skY":-7.58,"x":-22.313}}],"name":"sl_043"},{"display":[{"path":"icon_bbl_b_l","type":"image","name":"icon_bbl_b_l","transform":{"y":1.0842,"skX":-90,"skY":-90,"x":0.6174}}],"name":"icon_bbl_b_l"},{"display":[{"path":"sl_05","type":"image","name":"sl_05","transform":{"y":-33.5773,"skX":-40.6013,"skY":-40.6013,"x":-30.8061}}],"name":"sl_05"},{"display":[{"path":"bbl_L2","type":"image","name":"bbl_L2","transform":{"y":-15.3132,"x":0.6962}}],"name":"bbl_L21"},{"display":[{"path":"sl_01","type":"image","name":"sl_01","transform":{"y":-47.1726,"x":-28.632}}],"name":"sl_01"}],"name":""}],"ik":[],"bone":[{"name":"root","transform":{}},{"transform":{"y":32.85,"skX":90,"skY":90,"x":-50.6},"name":"icon_bbl_b_l","parent":"root"},{"transform":{"y":-45.2,"skX":-90,"skY":-90,"x":-69.7},"name":"Sl_02","parent":"root"},{"transform":{"y":-21.0385,"skX":-41.2089,"skY":-41.2089,"x":159.3638},"name":"bbl_L1","parent":"root"},{"transform":{"y":-10.85,"skX":40.6013,"skY":40.6013,"x":124.9},"name":"sl_05","parent":"root"},{"transform":{"y":84.0794,"skX":142.681,"skY":142.681,"x":315.2094},"name":"B1_L","parent":"root"},{"transform":{"y":194.7319,"x":-134.4924},"name":"bbl_L11","parent":"root"},{"transform":{"y":77.9769,"x":-393.8885},"name":"sl_01","parent":"root"},{"transform":{"y":90.85,"x":-13.35},"name":"r_01","parent":"root"},{"transform":{"y":91.6,"x":-3.35},"name":"r_02","parent":"root"},{"transform":{"y":92.3,"x":-0.7},"name":"r_03","parent":"root"},{"transform":{"y":68.45,"x":-102.6},"name":"bbl_L2","parent":"root"},{"transform":{"y":-58.5,"skX":-135,"skY":-135,"x":-6.2},"name":"sl_042","parent":"root"},{"transform":{"y":-50.6,"skX":-76.7595,"skY":-76.7595,"x":34.1},"name":"sl_032","parent":"root"},{"transform":{"y":-20.8525,"x":-129.516},"name":"bbl_L111","parent":"root"},{"transform":{"y":196.2544,"x":155.988},"name":"bbl_L112","parent":"root"},{"transform":{"y":54.8,"skX":-40.6013,"skY":-40.6013,"x":325.75},"name":"B1_L1","parent":"root"},{"transform":{"y":69.5818,"skX":-76.7595,"skY":-76.7595,"x":-178.0738},"name":"sl_03111","parent":"root"},{"transform":{"y":205.4486,"skX":-135,"skY":-135,"x":-18.1821},"name":"sl_043","parent":"root"},{"transform":{"y":211.4657,"skX":-76.7595,"skY":-76.7595,"x":23.8296},"name":"sl_033","parent":"root"},{"transform":{"y":102.5622,"skX":180,"skY":180,"x":-102.6},"name":"bbl_L21","parent":"root"},{"transform":{"y":1.05,"x":-99.25},"name":"bbl_rl","parent":"root"},{"transform":{"y":170.9204,"skX":12.4276,"skY":12.4276,"x":-99.25},"name":"bbl_rl1","parent":"root"},{"transform":{"y":56.2,"x":77.3},"name":"balloon","parent":"root"},{"transform":{"y":56.2,"x":-101.1783},"name":"balloon1","parent":"root"}],"aabb":{"width":1335.5024392101109,"y":-375.4048273385727,"height":750.7247999771614,"x":-668.5024392101109},"slot":[{"name":"背景示意图1","parent":"root","color":{}},{"z":1,"name":"bg","parent":"root","color":{}},{"z":2,"name":"b1","parent":"root","color":{}},{"z":3,"name":"sl_03111","parent":"sl_03111","color":{}},{"z":4,"name":"b2","parent":"root","color":{}},{"z":5,"name":"sl_01","parent":"sl_01","color":{}},{"z":6,"name":"sl_032","parent":"sl_032","color":{}},{"z":7,"name":"sl_042","parent":"sl_042","color":{}},{"z":8,"name":"bbl","parent":"root","color":{}},{"z":9,"name":"bbl_L1","parent":"bbl_L1","color":{}},{"z":10,"name":"bbl_L11","parent":"bbl_L11","color":{"aM":36}},{"z":11,"name":"Sl_02","parent":"Sl_02","color":{"aM":54}},{"z":12,"name":"sl_05","parent":"sl_05","color":{"aM":88}},{"z":13,"name":"bbl_L2","parent":"bbl_L2","color":{}},{"z":14,"name":"icon_bbl_b","parent":"root","color":{}},{"z":15,"name":"icon_bbl_b_l","parent":"icon_bbl_b_l","color":{}},{"z":16,"name":"B1_L","parent":"B1_L","color":{}},{"z":17,"name":"balloon","parent":"balloon","color":{}},{"z":18,"name":"balloon1","parent":"balloon1","color":{}},{"z":19,"name":"front_b","parent":"root","color":{}},{"z":20,"name":"r_01","parent":"r_01","color":{}},{"z":21,"name":"r_02","parent":"r_02","color":{}},{"z":22,"name":"r_03","parent":"r_03","color":{}},{"z":23,"name":"bbl_L111","parent":"bbl_L111","color":{}},{"z":24,"name":"bbl_L112","parent":"bbl_L112","color":{"aM":36}},{"z":25,"name":"B1_L1","parent":"B1_L1","color":{}},{"z":26,"name":"sl_043","parent":"sl_043","color":{"aM":61}},{"z":27,"name":"sl_033","parent":"sl_033","color":{"aM":52}},{"z":28,"name":"mL01","parent":"root","color":{}},{"z":29,"name":"mL02","parent":"root","color":{}},{"z":30,"displayIndex":-1,"name":"mL011","parent":"root","color":{}},{"z":31,"name":"mL021","parent":"root","color":{}},{"z":32,"name":"bbl_L21","parent":"bbl_L21","color":{}},{"z":33,"name":"bbl_rl","parent":"bbl_rl","color":{}},{"z":34,"name":"bbl_rl1","parent":"bbl_rl1","color":{}}],"name":"Armature"},{"defaultActions":[{"gotoAndPlay":""}],"type":"MovieClip","frameRate":24,"animation":[],"skin":[],"ik":[],"bone":[{"name":"root","transform":{}}],"aabb":{"width":0,"y":0,"height":0,"x":0},"slot":[],"name":"MovieClip"}],"isGlobal":0,"name":"loadingpage_newyear","version":"5.0"}