{"imagePath":"loadingpage_newyear_tex.png","width":2048,"SubTexture":[{"width":1334,"y":1,"height":750,"name":"背景示意图","x":1},{"width":1334,"y":753,"height":750,"name":"bg","x":1},{"width":31,"y":1739,"height":198,"name":"b1","x":304},{"width":142,"y":1505,"height":181,"name":"sl_03","x":342},{"width":230,"y":1739,"height":204,"name":"b2","x":1},{"width":78,"y":1505,"height":114,"name":"sl_01","x":1043},{"width":69,"y":1739,"height":196,"name":"sl_04","x":233},{"width":339,"y":1505,"height":185,"name":"bbl","x":1},{"width":74,"y":1609,"height":74,"name":"bbl_L1","x":849},{"width":99,"y":1505,"height":158,"name":"Sl_02","x":623},{"width":74,"y":1505,"height":155,"name":"sl_05","x":967},{"width":4,"y":1609,"height":61,"name":"bbl_L2","x":953},{"width":82,"y":1631,"height":54,"name":"icon_bbl_b","x":724},{"width":123,"y":1505,"height":124,"name":"icon_bbl_b_l","x":724},{"width":54,"y":1,"height":207,"name":"B1_L","x":1337},{"width":26,"y":1631,"height":44,"name":"balloon","x":808},{"width":1334,"y":1692,"height":45,"name":"front_b","x":1},{"width":1334,"y":1983,"height":17,"name":"r_01","x":1},{"width":1334,"y":1945,"height":17,"name":"r_02","x":1},{"width":1334,"y":1964,"height":17,"name":"r_03","x":1},{"frameHeight":133,"y":1505,"frameX":-2,"width":135,"frameY":-6,"height":118,"name":"mL01","frameWidth":137,"x":486},{"frameHeight":133,"y":1505,"frameX":-17,"width":116,"frameY":-3,"height":102,"name":"mL02","frameWidth":137,"x":849},{"frameHeight":50,"y":1609,"frameX":-27,"width":26,"frameY":-3,"height":44,"name":"bbl_rl","frameWidth":79,"x":925}],"height":2048,"name":"loadingpage_newyear"}