{"skeleton":{"hash":"B9+lONfn9WCQFnS0ZixTSIObuGI","spine":"3.6.53","width":246.16,"height":221.58,"images":""},"bones":[{"name":"root"},{"name":"bone","parent":"root"},{"name":"速度线","parent":"bone","x":11.01,"y":4.86},{"name":"bone2","parent":"速度线","rotation":165,"x":19.91,"y":-49.65},{"name":"bone4","parent":"速度线","rotation":180,"x":-75.7,"y":30.87},{"name":"bone5","parent":"速度线","rotation":180,"x":25.95,"y":41.94},{"name":"大王","parent":"bone","x":9.71,"y":25.92},{"name":"导弹","parent":"bone","x":11.88,"y":5.43},{"name":"小王","parent":"bone","x":-18.62,"y":32.39},{"name":"文字","parent":"bone","x":-0.3,"y":-62.26},{"name":"火箭光","parent":"bone","x":-83.58,"y":15.33,"scaleX":1.2,"scaleY":1.2},{"name":"烟雾动画","parent":"bone","x":-87.37,"y":14.59},{"name":"烟雾动画2","parent":"bone","x":-87.37,"y":14.59},{"name":"背景","parent":"bone","x":-6.03,"y":1.16}],"slots":[{"name":"切图/tubiaobeijing","bone":"背景","attachment":"切图/tubiaobeijing"},{"name":"切图/xiaoguiwang","bone":"小王","attachment":"切图/xiaoguiwang"},{"name":"切图/daguiwang","bone":"大王","attachment":"切图/daguiwang"},{"name":"切图/光效存放/yanwu-98735","bone":"烟雾动画","attachment":"切图/光效存放/yanwu-98735"},{"name":"切图/光效存放/yanwu-98736","bone":"烟雾动画2","attachment":"切图/光效存放/yanwu-98735"},{"name":"切图/光效存放/112","bone":"火箭光","attachment":"切图/光效存放/112","blend":"additive"},{"name":"切图/dandang","bone":"导弹","attachment":"切图/dandang"},{"name":"切图/icon/2","bone":"文字","attachment":"切图/icon/2"},{"name":"切图/光效存放/line-gaoliang","bone":"bone2","attachment":"切图/光效存放/line-gaoliang"},{"name":"切图/光效存放/line-gaoliang3","bone":"bone4","attachment":"切图/光效存放/line-gaoliang"},{"name":"切图/光效存放/line-gaoliang4","bone":"bone5","attachment":"切图/光效存放/line-gaoliang"}],"skins":{"default":{"切图/daguiwang":{"切图/daguiwang":{"x":8.09,"y":29.12,"width":92,"height":107}},"切图/dandang":{"切图/dandang":{"width":209,"height":166}},"切图/icon/2":{"切图/icon/2":{"width":209,"height":91}},"切图/tubiaobeijing":{"切图/tubiaobeijing":{"width":201,"height":125}},"切图/xiaoguiwang":{"切图/xiaoguiwang":{"x":-6.47,"y":29.93,"width":82,"height":103}},"切图/光效存放/112":{"切图/光效存放/112":{"width":77,"height":72}},"切图/光效存放/line-gaoliang":{"切图/光效存放/line-gaoliang":{"width":93,"height":13}},"切图/光效存放/line-gaoliang3":{"切图/光效存放/line-gaoliang":{"width":93,"height":13}},"切图/光效存放/line-gaoliang4":{"切图/光效存放/line-gaoliang":{"width":93,"height":13}},"切图/光效存放/yanwu-98735":{"切图/光效存放/yanwu-98735":{"width":50,"height":53}},"切图/光效存放/yanwu-98736":{"切图/光效存放/yanwu-98735":{"width":50,"height":53}}}},"animations":{"animation":{"slots":{"切图/光效存放/112":{"color":[{"time":0,"color":"ffffffff"},{"time":0.1,"color":"ffffff00"},{"time":0.2,"color":"ffffffff"},{"time":0.3,"color":"ffffff00"},{"time":0.4,"color":"ffffffff"},{"time":0.5,"color":"ffffff00"},{"time":0.6,"color":"ffffffff"},{"time":0.7,"color":"ffffff00"},{"time":0.8,"color":"ffffffff"},{"time":0.9,"color":"ffffff00","curve":"stepped"},{"time":1,"color":"ffffff00"},{"time":1.0333,"color":"ffffffff"},{"time":1.1333,"color":"ffffff00"},{"time":1.2333,"color":"ffffffff"},{"time":1.3333,"color":"ffffff00"},{"time":1.4333,"color":"ffffffff"},{"time":1.5333,"color":"ffffff00"},{"time":1.6333,"color":"ffffffff"},{"time":1.7333,"color":"ffffff00"},{"time":1.8333,"color":"ffffffff"},{"time":1.9333,"color":"ffffff00","curve":"stepped"},{"time":2.0333,"color":"ffffff00"}]},"切图/光效存放/line-gaoliang":{"color":[{"time":0.1667,"color":"ffffffff"},{"time":0.3333,"color":"ffffff00","curve":"stepped"},{"time":0.3667,"color":"ffffff00","curve":"stepped"},{"time":1,"color":"ffffff00"},{"time":1.2,"color":"ffffffff"},{"time":1.3667,"color":"ffffff00","curve":"stepped"},{"time":1.4,"color":"ffffff00","curve":"stepped"},{"time":2.0333,"color":"ffffff00"}]},"切图/光效存放/line-gaoliang3":{"color":[{"time":0,"color":"ffffff00","curve":"stepped"},{"time":0.6667,"color":"ffffff00"},{"time":0.7,"color":"ffffffff","curve":"stepped"},{"time":0.8333,"color":"ffffffff"},{"time":1,"color":"ffffff00","curve":"stepped"},{"time":1.0333,"color":"ffffff00","curve":"stepped"},{"time":1.7,"color":"ffffff00"},{"time":1.7333,"color":"ffffffff","curve":"stepped"},{"time":1.8667,"color":"ffffffff"},{"time":2.0333,"color":"ffffff00"}]},"切图/光效存放/line-gaoliang4":{"color":[{"time":0,"color":"ffffff00","curve":"stepped"},{"time":0.2667,"color":"ffffff00"},{"time":0.3,"color":"ffffffff","curve":"stepped"},{"time":0.4,"color":"ffffffff"},{"time":0.6,"color":"ffffff00","curve":"stepped"},{"time":1.0333,"color":"ffffff00","curve":"stepped"},{"time":1.3,"color":"ffffff00"},{"time":1.3333,"color":"ffffffff","curve":"stepped"},{"time":1.4333,"color":"ffffffff"},{"time":1.6333,"color":"ffffff00"}]},"切图/光效存放/yanwu-98735":{"color":[{"time":0.1,"color":"ffffffff"},{"time":0.1667,"color":"ffffff40"},{"time":0.3,"color":"ffffffff"},{"time":0.3667,"color":"ffffff40"},{"time":0.5,"color":"ffffffff"},{"time":0.5667,"color":"ffffff40"},{"time":0.7,"color":"ffffffff"},{"time":0.7667,"color":"ffffff40"},{"time":0.9,"color":"ffffffff"},{"time":1,"color":"ffffff40"},{"time":1.1333,"color":"ffffffff"},{"time":1.2,"color":"ffffff40"},{"time":1.3333,"color":"ffffffff"},{"time":1.4,"color":"ffffff40"},{"time":1.5333,"color":"ffffffff"},{"time":1.6,"color":"ffffff40"},{"time":1.7333,"color":"ffffffff"},{"time":1.8,"color":"ffffff40"},{"time":1.9333,"color":"ffffffff"},{"time":2.0333,"color":"ffffff40"}]},"切图/光效存放/yanwu-98736":{"color":[{"time":1,"color":"ffffffde"}]}},"bones":{"导弹":{"translate":[{"time":0,"x":0,"y":0},{"time":0.0667,"x":0,"y":2},{"time":0.1333,"x":0,"y":0},{"time":0.2,"x":0,"y":2},{"time":0.2667,"x":0,"y":0},{"time":0.3333,"x":0,"y":2},{"time":0.4,"x":0,"y":0},{"time":0.4667,"x":0,"y":2},{"time":0.5333,"x":0,"y":0},{"time":0.6,"x":0,"y":2},{"time":0.6667,"x":0,"y":0,"curve":"stepped"},{"time":0.7333,"x":0,"y":0},{"time":0.8,"x":0,"y":2},{"time":0.8667,"x":0,"y":0},{"time":0.9333,"x":0,"y":2},{"time":1,"x":0,"y":0},{"time":1.0667,"x":0,"y":2},{"time":1.1333,"x":0,"y":0},{"time":1.2,"x":0,"y":2},{"time":1.2667,"x":0,"y":0},{"time":1.3333,"x":0,"y":2},{"time":1.4,"x":0,"y":0,"curve":"stepped"},{"time":1.4667,"x":0,"y":0},{"time":1.5333,"x":0,"y":2},{"time":1.6,"x":0,"y":0},{"time":1.6667,"x":0,"y":2},{"time":1.7333,"x":0,"y":0},{"time":1.8,"x":0,"y":2},{"time":1.8667,"x":0,"y":0},{"time":1.9333,"x":0,"y":2},{"time":2,"x":0,"y":0},{"time":2.0667,"x":0,"y":2}]},"bone2":{"rotate":[{"time":0.0333,"angle":0.6},{"time":0.1166,"angle":1.2},{"time":0.1667,"angle":1.8},{"time":1.0667,"angle":0.6},{"time":1.15,"angle":1.2},{"time":1.2,"angle":1.8}],"translate":[{"time":0,"x":0,"y":0},{"time":0.3333,"x":-127.09,"y":46.69},{"time":0.5667,"x":-128.41,"y":41.08},{"time":0.8667,"x":-128.45,"y":40.9},{"time":1.0333,"x":0,"y":0},{"time":1.3667,"x":-127.09,"y":46.69},{"time":1.6,"x":-128.41,"y":41.08},{"time":1.9,"x":-128.45,"y":40.9}],"scale":[{"time":0,"x":1,"y":1},{"time":0.3333,"x":0.295,"y":0.148},{"time":1.0333,"x":1,"y":1},{"time":1.3667,"x":0.295,"y":0.148}]},"bone4":{"rotate":[{"time":0.6667,"angle":-5.4,"curve":"stepped"},{"time":1.7,"angle":-5.4}],"translate":[{"time":0.6667,"x":145.07,"y":-36.7},{"time":1,"x":-30.16,"y":-19.96},{"time":1.7,"x":145.07,"y":-36.7},{"time":2.0333,"x":-30.16,"y":-19.96}],"scale":[{"time":0.6667,"x":1,"y":1},{"time":1,"x":0.2,"y":0.3},{"time":1.7,"x":1,"y":1},{"time":2.0333,"x":0.2,"y":0.3}]},"bone5":{"rotate":[{"time":0.2667,"angle":3.6,"curve":"stepped"},{"time":1.3,"angle":3.6}],"translate":[{"time":0.2667,"x":34.66,"y":3.88},{"time":0.6,"x":-119.86,"y":-10.19},{"time":1.3,"x":34.66,"y":3.88},{"time":1.6333,"x":-119.86,"y":-10.19}],"scale":[{"time":0.2667,"x":1,"y":1},{"time":0.6,"x":0.4,"y":0.4},{"time":1.3,"x":1,"y":1},{"time":1.6333,"x":0.4,"y":0.4}]},"烟雾动画":{"rotate":[{"time":0,"angle":0,"curve":"stepped"},{"time":0.1667,"angle":0,"curve":"stepped"},{"time":0.2,"angle":0,"curve":"stepped"},{"time":0.3667,"angle":0,"curve":"stepped"},{"time":0.4,"angle":0,"curve":"stepped"},{"time":0.5667,"angle":0,"curve":"stepped"},{"time":0.6,"angle":0,"curve":"stepped"},{"time":0.7667,"angle":0,"curve":"stepped"},{"time":1,"angle":0,"curve":"stepped"},{"time":1.0333,"angle":0,"curve":"stepped"},{"time":1.2,"angle":0,"curve":"stepped"},{"time":1.2333,"angle":0,"curve":"stepped"},{"time":1.4,"angle":0,"curve":"stepped"},{"time":1.4333,"angle":0,"curve":"stepped"},{"time":1.6,"angle":0,"curve":"stepped"},{"time":1.6333,"angle":0,"curve":"stepped"},{"time":1.8,"angle":0,"curve":"stepped"},{"time":2.0333,"angle":0}],"translate":[{"time":0,"x":-0.89,"y":-0.63},{"time":0.1667,"x":-22.85,"y":15.1},{"time":0.2,"x":-0.89,"y":-0.63},{"time":0.3667,"x":-22.85,"y":15.1},{"time":0.4,"x":-0.89,"y":-0.63},{"time":0.5667,"x":-22.85,"y":15.1},{"time":0.6,"x":-0.89,"y":-0.63,"curve":"stepped"},{"time":0.7667,"x":-0.89,"y":-0.63},{"time":1,"x":-22.85,"y":15.1},{"time":1.0333,"x":-0.89,"y":-0.63},{"time":1.2,"x":-22.85,"y":15.1},{"time":1.2333,"x":-0.89,"y":-0.63},{"time":1.4,"x":-22.85,"y":15.1},{"time":1.4333,"x":-0.89,"y":-0.63},{"time":1.6,"x":-22.85,"y":15.1},{"time":1.6333,"x":-0.89,"y":-0.63,"curve":"stepped"},{"time":1.8,"x":-0.89,"y":-0.63},{"time":2.0333,"x":-22.85,"y":15.1}],"scale":[{"time":0,"x":1,"y":1},{"time":0.1667,"x":0.7,"y":0.7},{"time":0.2,"x":1,"y":1},{"time":0.3667,"x":0.7,"y":0.7},{"time":0.4,"x":1,"y":1},{"time":0.5667,"x":0.7,"y":0.7},{"time":0.6,"x":1,"y":1,"curve":"stepped"},{"time":0.7667,"x":1,"y":1},{"time":1,"x":0.7,"y":0.7},{"time":1.0333,"x":1,"y":1},{"time":1.2,"x":0.7,"y":0.7},{"time":1.2333,"x":1,"y":1},{"time":1.4,"x":0.7,"y":0.7},{"time":1.4333,"x":1,"y":1},{"time":1.6,"x":0.7,"y":0.7},{"time":1.6333,"x":1,"y":1,"curve":"stepped"},{"time":1.8,"x":1,"y":1},{"time":2.0333,"x":0.7,"y":0.7}]},"小王":{"rotate":[{"time":0,"angle":0},{"time":1,"angle":361.8},{"time":2.0333,"angle":0}],"translate":[{"time":0,"x":0,"y":0},{"time":1,"x":-7,"y":-0.22},{"time":2.0333,"x":0,"y":0}]},"大王":{"rotate":[{"time":0,"angle":2.9},{"time":1,"angle":0,"curve":"stepped"},{"time":1.0333,"angle":0},{"time":2.0333,"angle":363}],"translate":[{"time":0,"x":-2.91,"y":0},{"time":1,"x":0,"y":0,"curve":"stepped"},{"time":1.0333,"x":0,"y":0},{"time":2.0333,"x":-3,"y":0}]},"烟雾动画2":{"rotate":[{"time":0,"angle":0},{"time":1,"angle":180},{"time":2.0667,"angle":360}]}}}}}