{"imagePath":"Loadingpage_tex.png","width":2048,"height":2048,"name":"Loadingpage","SubTexture":[{"width":7,"y":1655,"height":8,"name":"star","x":843},{"width":1334,"y":753,"height":750,"name":"背景示意图","x":1},{"width":1334,"y":1,"height":750,"name":"bg","x":1},{"width":31,"y":1739,"height":198,"name":"b1","x":486},{"width":142,"y":1505,"height":181,"name":"sl_03","x":361},{"width":230,"y":1739,"height":204,"name":"b2","x":1},{"width":78,"y":1505,"height":114,"name":"sl_01","x":961},{"width":69,"y":1739,"height":196,"name":"sl_04","x":359},{"width":358,"y":1505,"height":185,"name":"bbl","x":1},{"width":74,"y":1609,"height":74,"name":"bbl_L1","x":767},{"width":124,"y":1739,"height":223,"name":"Sl_02","x":233},{"width":74,"y":1505,"height":155,"name":"sl_05","x":885},{"width":4,"y":1609,"height":61,"name":"bbl_L2","x":871},{"width":82,"y":1625,"height":54,"name":"icon_bbl_b","x":505},{"width":123,"y":1505,"height":124,"name":"icon_bbl_b_l","x":642},{"width":54,"y":1739,"height":207,"name":"B1_L","x":430},{"width":1334,"y":1692,"height":45,"name":"front_b","x":1},{"width":1334,"y":1964,"height":17,"name":"r_01","x":1},{"width":1334,"y":1983,"height":17,"name":"r_02","x":1},{"width":1334,"y":2002,"height":17,"name":"r_03","x":1},{"frameY":-6,"y":1505,"frameWidth":137,"frameHeight":133,"width":135,"height":118,"name":"mL01","frameX":-2,"x":505},{"frameY":-3,"y":1505,"frameWidth":137,"frameHeight":133,"width":116,"height":102,"name":"mL02","frameX":-17,"x":767},{"frameY":-3,"y":1609,"frameWidth":79,"frameHeight":50,"width":26,"height":44,"name":"bbl_rl","frameX":-27,"x":843}]}