{"armature":[{"ik":[],"skin":[{"name":"","slot":[{"display":[{"path":"sl_04","type":"image","name":"sl_04","transform":{"skY":-7.58,"y":-79.3285,"skX":-7.58,"x":-22.313}}],"name":"sl_04"},{"display":[{"path":"star","type":"image","name":"star","transform":{"skY":-90,"y":0.5414,"skX":-90,"x":0.2702}}],"name":"star2"},{"display":[{"path":"sl_03","type":"image","name":"sl_03","transform":{"skY":76.7595,"y":26.5023,"scX":0.7975,"scY":0.7975,"skX":76.7595,"x":52.402}}],"name":"sl_03111"},{"display":[{"path":"bbl_rl","type":"image","name":"bbl_rl","transform":{"y":-0.6516,"x":3.4747}}],"name":"bbl_rl"},{"display":[{"path":"star","type":"image","name":"star","transform":{"skY":-89.9279,"y":-0.4212,"scX":0.6507,"scY":0.6507,"skX":-89.9279,"x":0.2773}}],"name":"star111"},{"display":[{"path":"r_03","type":"image","name":"r_03","transform":{"skY":-0.1343,"y":4.7119,"skX":-0.1343,"x":0.7}}],"name":"r_03"},{"display":[{"path":"sl_03","type":"image","name":"sl_03","transform":{"skY":-166.5763,"y":42.9433,"scX":0.7975,"scY":0.7975,"skX":-166.5763,"x":-52.0712}}],"name":"sl_033"},{"display":[{"path":"sl_01","type":"image","name":"sl_01","transform":{"y":-47.1726,"x":-28.632}}],"name":"sl_01"},{"display":[{"path":"B1_L","type":"image","name":"B1_L","transform":{"skY":40.6013,"y":-51.9724,"skX":40.6013,"x":35.8789}}],"name":"B1_L"},{"display":[{"path":"star","type":"image","name":"star","transform":{"skY":-89.9279,"y":-0.8625,"scX":0.6507,"scY":0.6507,"skX":-89.9279,"x":0.5262}}],"name":"star113"},{"display":[{"path":"bbl_L1","type":"image","name":"bbl_L1","transform":{"y":0.3074,"x":-0.3045}}],"name":"bbl_L111"},{"display":[{"path":"sl_03","type":"image","name":"sl_03","transform":{"skY":-166.5763,"y":42.9433,"scX":0.7975,"scY":0.7975,"skX":-166.5763,"x":-52.0712}}],"name":"sl_03"},{"display":[{"path":"背景示意图","type":"image","name":"背景示意图","transform":{"skY":0.14,"y":-0.4048,"skX":0.14,"x":-0.1349}}],"name":"背景示意图1"},{"display":[{"path":"sl_04","type":"image","name":"sl_04","transform":{"skY":-7.58,"y":-79.3285,"skX":-7.58,"x":-22.313}}],"name":"sl_043"},{"display":[{"path":"bbl","type":"image","name":"bbl","transform":{"y":-5.792,"x":14.1296}}],"name":"bbl"},{"display":[{"path":"mL02","type":"image","name":"mL02","transform":{"y":22.7566,"x":241.7754}}],"name":"mL02"},{"display":[{"path":"bbl_L1","type":"image","name":"bbl_L1","transform":{"y":2.3686,"x":-0.2946}}],"name":"bbl_L11"},{"display":[{"path":"front_b","type":"image","name":"front_b","transform":{"y":67.252}}],"name":"front_b"},{"display":[{"path":"sl_03","type":"image","name":"sl_03","transform":{"skY":76.7595,"y":26.8041,"scX":0.7975,"scY":0.7975,"skX":76.7595,"x":53.6762}}],"name":"sl_032"},{"display":[{"path":"star","type":"image","name":"star","transform":{"skY":-89.9279,"y":-0.8625,"scX":0.6507,"scY":0.6507,"skX":-89.9279,"x":0.5262}}],"name":"star11"},{"display":[{"path":"star","type":"image","name":"star","transform":{"skY":179.8898,"y":-0.5386,"scX":0.4492,"scY":0.4492,"skX":179.8898,"x":-0.5755}}],"name":"star1121"},{"display":[{"path":"star","type":"image","name":"star","transform":{"skY":-23.8904,"y":-0.0679,"scX":0.6507,"scY":0.6507,"skX":-23.8904,"x":0.5426}}],"name":"star112"},{"display":[{"path":"B1_L","type":"image","name":"B1_L","transform":{"skY":40.6013,"y":-51.9724,"skX":40.6013,"x":35.8789}}],"name":"B1_L1"},{"display":[{"path":"mL01","type":"image","name":"mL01","transform":{"skY":90,"y":146.9071,"skX":90,"x":245.4642}}],"name":"mL011"},{"display":[{"path":"bbl_L2","type":"image","name":"bbl_L2","transform":{"y":-15.3132,"x":0.6962}}],"name":"bbl_L21"},{"display":[{"path":"r_01","type":"image","name":"r_01","transform":{"y":6.1986,"x":11.8476}}],"name":"r_01"},{"display":[{"path":"star","type":"image","name":"star","transform":{"skY":-179.9279,"y":-1.1762,"scX":0.6965,"scY":0.6507,"skX":-179.9279,"x":-1.2492}}],"name":"star1"},{"display":[{"path":"sl_05","type":"image","name":"sl_05","transform":{"skY":-40.6013,"y":-33.5773,"skX":-40.6013,"x":-30.8061}}],"name":"sl_05"},{"display":[{"path":"b2","type":"image","name":"b2","transform":{"y":-12.3116,"x":-258.6957}}],"name":"b2"},{"display":[{"path":"mL01","type":"image","name":"mL01","transform":{"y":22.2296,"x":241.8339}}],"name":"mL01"},{"display":[{"path":"star","type":"image","name":"star","transform":{"skY":-90,"y":-0.095,"skX":-90,"x":0.3498}}],"name":"star21"},{"display":[{"path":"star","type":"image","name":"star","transform":{"skY":-89.9279,"y":-0.9815,"scX":0.6507,"scY":0.6507,"skX":-89.9279,"x":1.1457}}],"name":"star1112"},{"display":[{"path":"Sl_02","type":"image","name":"Sl_02","transform":{"skY":90,"y":2.721,"skX":90,"x":84.0075}}],"name":"Sl_02"},{"display":[{"path":"sl_04","type":"image","name":"sl_04","transform":{"skY":135,"y":38.3252,"skX":135,"x":63.4162}}],"name":"sl_042"},{"display":[{"path":"icon_bbl_b","type":"image","name":"icon_bbl_b","transform":{"y":52.4028,"x":-41.8683}}],"name":"icon_bbl_b"},{"display":[{"path":"bbl_L1","type":"image","name":"bbl_L1","transform":{"y":0.4133,"x":-0.1046}}],"name":"bbl_L1"},{"display":[{"path":"mL02","type":"image","name":"mL02","transform":{"skY":90,"y":146.1782,"skX":90,"x":243.8046}}],"name":"mL021"},{"display":[{"path":"bbl_rl","type":"image","name":"bbl_rl","transform":{"y":-0.6516,"x":3.4747}}],"name":"bbl_rl1"},{"display":[{"path":"bg","type":"image","name":"bg","transform":{}}],"name":"bg"},{"display":[{"path":"bbl_L1","type":"image","name":"bbl_L1","transform":{"y":2.3686,"x":-0.2946}}],"name":"bbl_L112"},{"display":[{"path":"icon_bbl_b_l","type":"image","name":"icon_bbl_b_l","transform":{"skY":-90,"y":1.0842,"skX":-90,"x":0.6174}}],"name":"icon_bbl_b_l"},{"display":[{"path":"b1","type":"image","name":"b1","transform":{"y":-14.4783,"x":321.7319}}],"name":"b1"},{"display":[{"path":"star","type":"image","name":"star","transform":{"skY":-90,"y":-0.866,"skX":-90,"x":0.9884}}],"name":"star"},{"display":[{"path":"star","type":"image","name":"star","transform":{"skY":90.0721,"y":0.567,"scX":0.6507,"scY":0.6507,"skX":90.0721,"x":-1.3771}}],"name":"star1111"},{"display":[{"path":"r_02","type":"image","name":"r_02","transform":{"y":5.7793,"x":3.35}}],"name":"r_02"},{"display":[{"path":"bbl_L2","type":"image","name":"bbl_L2","transform":{"y":-15.3132,"x":0.6962}}],"name":"bbl_L2"}]}],"type":"Armature","frameRate":24,"aabb":{"width":1335.5024392101109,"y":-375.4048273385727,"height":750.7247999771614,"x":-668.5024392101109},"bone":[{"name":"root","transform":{}},{"transform":{"skY":90,"y":-155.6538,"skX":90,"x":602.7872},"name":"star","parent":"root"},{"transform":{"skY":180,"y":-212.9,"skX":180,"x":334.5},"name":"star1","parent":"root"},{"transform":{"skY":23.9625,"y":-115.55,"skX":23.9625,"x":369.45},"name":"star112","parent":"root"},{"transform":{"skY":180,"y":-192.1827,"skX":180,"x":576.9413},"name":"star1121","parent":"root"},{"transform":{"skY":90,"y":-185.1573,"skX":90,"x":105.9048},"name":"star11","parent":"root"},{"transform":{"skY":90,"y":-187.2068,"skX":90,"x":-289.0673},"name":"star111","parent":"root"},{"transform":{"skY":-90,"y":-102.25,"skX":-90,"x":-444.75},"name":"star1111","parent":"root"},{"transform":{"skY":90,"y":32.85,"skX":90,"x":-50.6},"name":"icon_bbl_b_l","parent":"root"},{"transform":{"skY":-90,"y":-45.2,"skX":-90,"x":-69.7},"name":"Sl_02","parent":"root"},{"transform":{"skY":-76.7595,"y":94.9338,"scX":0.5,"scY":0.5,"skX":-76.7595,"x":235.2267},"name":"sl_03","parent":"root"},{"transform":{"skY":-41.2089,"y":-21.6212,"skX":-41.2089,"x":156.7595},"name":"bbl_L1","parent":"root"},{"transform":{"skY":40.6013,"y":-10.85,"skX":40.6013,"x":124.9},"name":"sl_05","parent":"root"},{"transform":{"skY":142.681,"y":84.0794,"skX":142.681,"x":315.2094},"name":"B1_L","parent":"root"},{"transform":{"y":194.7319,"x":-134.4924},"name":"bbl_L11","parent":"root"},{"transform":{"y":77.9769,"x":-146.3535},"name":"sl_01","parent":"root"},{"transform":{"y":90.85,"x":-13.35},"name":"r_01","parent":"root"},{"transform":{"y":91.6,"x":-3.35},"name":"r_02","parent":"root"},{"transform":{"y":92.3,"x":-0.7},"name":"r_03","parent":"root"},{"transform":{"y":68.45,"x":-102.6},"name":"bbl_L2","parent":"root"},{"transform":{"skY":-135,"y":-58.5,"skX":-135,"x":-6.2},"name":"sl_042","parent":"root"},{"transform":{"skY":-76.7595,"y":-50.6,"skX":-76.7595,"x":34.1},"name":"sl_032","parent":"root"},{"transform":{"y":-20.8525,"x":-132.5544},"name":"bbl_L111","parent":"root"},{"transform":{"y":196.2544,"x":155.988},"name":"bbl_L112","parent":"root"},{"transform":{"skY":-40.6013,"y":54.8,"skX":-40.6013,"x":325.75},"name":"B1_L1","parent":"root"},{"transform":{"skY":-76.7595,"y":69.5818,"skX":-76.7595,"x":-178.0738},"name":"sl_03111","parent":"root"},{"transform":{"skY":-135,"y":205.4486,"skX":-135,"x":-18.1821},"name":"sl_043","parent":"root"},{"transform":{"skY":-76.7595,"y":211.4657,"skX":-76.7595,"x":23.8296},"name":"sl_033","parent":"root"},{"transform":{"skY":-135,"y":91.4347,"scX":0.5,"scY":0.5,"skX":-135,"x":227.7647},"name":"sl_04","parent":"root"},{"transform":{"skY":180,"y":102.5622,"skX":180,"x":-102.6},"name":"bbl_L21","parent":"root"},{"transform":{"skY":90,"y":-212.25,"skX":90,"x":-60.5},"name":"star113","parent":"root"},{"transform":{"skY":90,"y":-290.1027,"skX":90,"x":-174.7357},"name":"star2","parent":"root"},{"transform":{"skY":90,"y":-229,"skX":90,"x":-403.15},"name":"star1112","parent":"root"},{"transform":{"skY":90,"y":-233.3,"skX":90,"x":393.45},"name":"star21","parent":"root"},{"transform":{"y":1.05,"x":-99.25},"name":"bbl_rl","parent":"root"},{"transform":{"skY":12.4276,"y":170.9204,"skX":12.4276,"x":-99.25},"name":"bbl_rl1","parent":"root"}],"defaultActions":[{"gotoAndPlay":"animtion0"}],"slot":[{"name":"star1","parent":"star1","color":{}},{"z":1,"name":"背景示意图1","parent":"root","color":{}},{"z":2,"name":"bg","parent":"root","color":{}},{"z":3,"name":"b1","parent":"root","color":{}},{"z":4,"name":"sl_03111","parent":"sl_03111","color":{}},{"z":5,"name":"b2","parent":"root","color":{}},{"z":6,"name":"sl_01","parent":"sl_01","color":{}},{"z":7,"name":"sl_04","parent":"sl_04","color":{"aM":61}},{"z":8,"name":"sl_03","parent":"sl_03","color":{"aM":52}},{"z":9,"name":"sl_032","parent":"sl_032","color":{}},{"z":10,"name":"sl_042","parent":"sl_042","color":{}},{"z":11,"name":"bbl","parent":"root","color":{}},{"z":12,"name":"bbl_L1","parent":"bbl_L1","color":{}},{"z":13,"name":"bbl_L11","parent":"bbl_L11","color":{"aM":36}},{"z":14,"name":"Sl_02","parent":"Sl_02","color":{"aM":54}},{"z":15,"name":"sl_05","parent":"sl_05","color":{"aM":88}},{"z":16,"name":"bbl_L2","parent":"bbl_L2","color":{}},{"z":17,"name":"icon_bbl_b","parent":"root","color":{}},{"z":18,"name":"icon_bbl_b_l","parent":"icon_bbl_b_l","color":{}},{"z":19,"name":"B1_L","parent":"B1_L","color":{}},{"z":20,"name":"front_b","parent":"root","color":{}},{"z":21,"name":"r_01","parent":"r_01","color":{}},{"z":22,"name":"r_02","parent":"r_02","color":{}},{"z":23,"name":"r_03","parent":"r_03","color":{}},{"z":24,"name":"star","parent":"star","color":{}},{"z":25,"name":"star11","parent":"star11","color":{}},{"z":26,"name":"star111","parent":"star111","color":{}},{"z":27,"name":"star1111","parent":"star1111","color":{}},{"z":28,"name":"star112","parent":"star112","color":{}},{"z":29,"name":"star1121","parent":"star1121","color":{}},{"z":30,"name":"bbl_L111","parent":"bbl_L111","color":{}},{"z":31,"name":"bbl_L112","parent":"bbl_L112","color":{"aM":36}},{"z":32,"name":"B1_L1","parent":"B1_L1","color":{}},{"z":33,"name":"sl_043","parent":"sl_043","color":{"aM":61}},{"z":34,"name":"sl_033","parent":"sl_033","color":{"aM":52}},{"z":35,"name":"mL01","parent":"root","color":{}},{"z":36,"name":"mL02","parent":"root","color":{}},{"z":37,"name":"mL011","parent":"root","color":{}},{"z":38,"name":"mL021","parent":"root","color":{}},{"z":39,"name":"bbl_L21","parent":"bbl_L21","color":{}},{"z":40,"name":"star113","parent":"star113","color":{}},{"z":41,"name":"star2","parent":"star2","color":{}},{"z":42,"name":"star1112","parent":"star1112","color":{}},{"z":43,"name":"star21","parent":"star21","color":{}},{"z":44,"name":"bbl_rl","parent":"bbl_rl","color":{}},{"z":45,"name":"bbl_rl1","parent":"bbl_rl1","color":{}}],"animation":[{"bone":[{"frame":[{"duration":38,"transform":{}},{"duration":46,"transform":{"skY":0.0096,"skX":0.0096}}],"name":"root"},{"frame":[{"tweenEasing":0,"duration":24,"transform":{"y":-0.911,"x":-0.6748}},{"tweenEasing":0,"duration":24,"transform":{"y":-0.911,"scX":0.01,"scY":0.01,"x":-0.6748}},{"tweenEasing":0,"duration":21,"transform":{"y":-0.911,"x":-0.6748}},{"tweenEasing":0,"duration":15,"transform":{"y":-0.911,"scX":0.01,"scY":0.01,"x":-0.6748}},{"duration":0,"transform":{"y":-0.911,"x":-0.6748}}],"name":"star"},{"frame":[{"tweenEasing":0,"duration":18,"transform":{}},{"tweenEasing":0,"duration":20,"transform":{"scX":0.01,"scY":0.01}},{"tweenEasing":0,"duration":20,"transform":{}},{"tweenEasing":0,"duration":15,"transform":{"scX":0.01,"scY":0.01}},{"duration":11,"transform":{}}],"name":"star1"},{"frame":[{"tweenEasing":0,"duration":3,"transform":{"scX":0.01,"scY":0.01}},{"tweenEasing":0,"duration":18,"transform":{}},{"tweenEasing":0,"duration":20,"transform":{"scX":0.01,"scY":0.01}},{"tweenEasing":0,"duration":20,"transform":{}},{"tweenEasing":0,"duration":15,"transform":{"scX":0.01,"scY":0.01}},{"duration":8,"transform":{}}],"name":"star112"},{"frame":[{"tweenEasing":0,"duration":10,"transform":{"scX":0.01,"scY":0.01}},{"tweenEasing":0,"duration":27,"transform":{}},{"tweenEasing":0,"duration":12,"transform":{"scX":0.01,"scY":0.01}},{"tweenEasing":0,"duration":20,"transform":{}},{"tweenEasing":0,"duration":10,"transform":{"scX":0.01,"scY":0.01}},{"duration":5,"transform":{}}],"name":"star1121"},{"frame":[{"tweenEasing":0,"duration":11,"transform":{"y":-1.4256,"x":0.6336}},{"tweenEasing":0,"duration":20,"transform":{"y":-1.4256,"scX":0.01,"scY":0.01,"x":0.6336}},{"tweenEasing":0,"duration":20,"transform":{"y":-1.4256,"x":0.6336}},{"tweenEasing":0,"duration":20,"transform":{"y":-1.4256,"scX":0.01,"scY":0.01,"x":0.6336}},{"duration":13,"transform":{"y":-1.4256,"x":0.6336}}],"name":"star11"},{"frame":[{"tweenEasing":0,"duration":20,"transform":{}},{"tweenEasing":0,"duration":18,"transform":{"scX":0.01,"scY":0.01}},{"tweenEasing":0,"duration":17,"transform":{}},{"tweenEasing":0,"duration":12,"transform":{"scX":0.01,"scY":0.01}},{"duration":17,"transform":{}}],"name":"star111"},{"frame":[{"tweenEasing":0,"duration":27,"transform":{}},{"tweenEasing":0,"duration":20,"transform":{"scX":0.01,"scY":0.01}},{"tweenEasing":0,"duration":17,"transform":{}},{"tweenEasing":0,"duration":14,"transform":{"scX":0.01,"scY":0.01}},{"duration":6,"transform":{}}],"name":"star1111"},{"frame":[{"duration":84,"transform":{}}],"name":"icon_bbl_b_l"},{"frame":[{"tweenEasing":0,"duration":34,"transform":{"scX":0.6499,"scY":0.8202}},{"tweenEasing":0,"duration":48,"transform":{}},{"duration":2,"transform":{"scX":0.6499,"scY":0.8202}}],"name":"Sl_02"},{"frame":[{"tweenEasing":0,"duration":39,"transform":{"scX":0.428,"scY":0.5165,"x":-0.5856}},{"tweenEasing":0,"duration":4,"transform":{"skY":-75.2092,"y":-0.8305,"scX":0.9468,"scY":0.955,"skX":-75.2092,"x":-0.1705}},{"tweenEasing":0,"duration":12,"transform":{"skY":-68.5239,"y":-0.9156,"skX":-68.5239,"x":-0.1279}},{"tweenEasing":0,"duration":4,"transform":{"skY":-48.4682,"y":-1.1712,"scX":0.8326,"scY":0.8585,"skX":-48.4682,"x":-0.0002}},{"tweenEasing":0,"duration":16,"transform":{"skY":-41.7829,"scX":0.7768,"scY":0.8113,"skX":-41.7829}},{"duration":9,"transform":{"skY":-15.0418,"y":-0.5858,"scX":0.5536,"scY":0.6226,"skX":-15.0418,"x":1.1711}},{"duration":0,"transform":{"y":-0.5858,"scX":0.428,"scY":0.5165,"x":1.1711}}],"name":"sl_03"},{"frame":[{"tweenEasing":0,"duration":40,"transform":{"skY":177.5638,"y":0.3376,"skX":177.5638,"x":0.5064}},{"tweenEasing":0,"duration":44,"transform":{"y":0.3376,"x":0.5064}},{"duration":0,"transform":{"skY":-178.4362,"y":0.3376,"skX":-178.4362,"x":0.5064}}],"name":"bbl_L1"},{"frame":[{"tweenEasing":0,"duration":34,"transform":{"scX":0.6499,"scY":0.6106}},{"tweenEasing":0,"duration":48,"transform":{}},{"duration":2,"transform":{"scX":0.6499,"scY":0.6106}}],"name":"sl_05"},{"frame":[{"tweenEasing":0,"duration":32,"transform":{}},{"tweenEasing":0,"duration":18,"transform":{"scX":0.671,"scY":0.6804}},{"duration":15,"transform":{"scX":0.8504,"scY":0.8547}},{"duration":19,"transform":{}}],"name":"B1_L"},{"frame":[{"tweenEasing":0,"duration":40,"transform":{"skY":177.5638,"skX":177.5638}},{"tweenEasing":0,"duration":44,"transform":{}},{"duration":0,"transform":{"skY":-178.4362,"y":-0.0001,"skX":-178.4362,"x":0.8559}}],"name":"bbl_L11"},{"frame":[{"tweenEasing":0,"duration":20,"transform":{}},{"tweenEasing":0,"duration":22,"transform":{"skY":43.2609,"skX":43.2609}},{"tweenEasing":0,"duration":21,"transform":{"skY":1.4864,"skX":1.4864}},{"tweenEasing":0,"duration":21,"transform":{"skY":43.4364,"skX":43.4364}},{"duration":0,"transform":{}}],"name":"sl_01"},{"frame":[{"duration":84,"transform":{"y":1.5024}}],"name":"r_01"},{"frame":[{"duration":8,"transform":{}},{"duration":76,"transform":{"skY":-0.0379,"skX":-0.0379}}],"name":"r_02"},{"frame":[{"duration":84,"transform":{"y":1.5024}}],"name":"r_03"},{"frame":[{"tweenEasing":0,"duration":24,"transform":{}},{"tweenEasing":0,"duration":1,"transform":{"y":-0.0047,"x":197.2315}},{"tweenEasing":0,"duration":26,"transform":{}},{"tweenEasing":0,"duration":24,"transform":{}},{"duration":9,"transform":{"y":-0.0047,"x":197.2315}}],"name":"bbl_L2"},{"frame":[{"tweenEasing":0,"duration":39,"transform":{"skY":-28.1617,"scX":0.428,"scY":0.5165,"skX":-28.1617}},{"tweenEasing":0,"duration":4,"transform":{"skY":40.3227,"scX":0.9468,"scY":0.955,"skX":40.3227}},{"tweenEasing":0,"duration":41,"transform":{"skY":33.8977,"skX":33.8977}},{"duration":0,"transform":{"skY":-31.9584,"scX":0.428,"scY":0.5165,"skX":-31.9584}}],"name":"sl_042"},{"frame":[{"tweenEasing":0,"duration":39,"transform":{"scX":0.428,"scY":0.5165}},{"tweenEasing":0,"duration":4,"transform":{"skY":-75.2092,"scX":0.9468,"scY":0.955,"skX":-75.2092}},{"tweenEasing":0,"duration":16,"transform":{"skY":-68.5239,"skX":-68.5239}},{"duration":25,"transform":{"skY":-41.7829,"scX":0.7768,"scY":0.8113,"skX":-41.7829}},{"duration":0,"transform":{"scX":0.428,"scY":0.5165}}],"name":"sl_032"},{"frame":[{"tweenEasing":0,"duration":40,"transform":{"skY":177.5638,"y":-0.2496,"skX":177.5638,"x":0.3495}},{"tweenEasing":0,"duration":44,"transform":{"y":-0.2496,"x":0.3495}},{"duration":0,"transform":{"skY":-178.4362,"y":-0.2496,"skX":-178.4362,"x":0.3495}}],"name":"bbl_L111"},{"frame":[{"tweenEasing":0,"duration":40,"transform":{"skY":177.5638,"skX":177.5638}},{"tweenEasing":0,"duration":44,"transform":{}},{"duration":0,"transform":{"skY":-178.4362,"y":-0.0001,"skX":-178.4362,"x":0.8559}}],"name":"bbl_L112"},{"frame":[{"tweenEasing":0,"duration":32,"transform":{}},{"tweenEasing":0,"duration":18,"transform":{"scX":0.671,"scY":0.6804}},{"duration":15,"transform":{"scX":0.8504,"scY":0.8547}},{"duration":19,"transform":{}}],"name":"B1_L1"},{"frame":[{"tweenEasing":0,"duration":43,"transform":{"skY":-81.7405,"skX":-81.7405}},{"tweenEasing":0,"duration":16,"transform":{"skY":-19.5205,"skX":-19.5205}},{"duration":25,"transform":{"skY":-43.8015,"skX":-43.8015}},{"duration":0,"transform":{"skY":-81.7405,"skX":-81.7405}}],"name":"sl_03111"},{"frame":[{"tweenEasing":0,"duration":39,"transform":{"skY":-28.1617,"scX":0.428,"scY":0.5165,"skX":-28.1617}},{"tweenEasing":0,"duration":4,"transform":{"skY":40.3227,"scX":0.9468,"scY":0.955,"skX":40.3227}},{"tweenEasing":0,"duration":41,"transform":{"skY":33.8977,"skX":33.8977}},{"duration":0,"transform":{"skY":-31.9584,"scX":0.428,"scY":0.5165,"skX":-31.9584}}],"name":"sl_043"},{"frame":[{"tweenEasing":0,"duration":39,"transform":{"scX":0.428,"scY":0.5165}},{"tweenEasing":0,"duration":4,"transform":{"skY":-75.2092,"scX":0.9468,"scY":0.955,"skX":-75.2092}},{"tweenEasing":0,"duration":16,"transform":{"skY":-68.5239,"skX":-68.5239}},{"duration":25,"transform":{"skY":-41.7829,"scX":0.7768,"scY":0.8113,"skX":-41.7829}},{"duration":0,"transform":{"scX":0.428,"scY":0.5165}}],"name":"sl_033"},{"frame":[{"tweenEasing":0,"duration":39,"transform":{"skY":-28.1617,"scX":0.428,"scY":0.5165,"skX":-28.1617}},{"tweenEasing":0,"duration":4,"transform":{"skY":40.3227,"scX":0.9468,"scY":0.955,"skX":40.3227}},{"tweenEasing":0,"duration":41,"transform":{"skY":33.8977,"skX":33.8977}},{"duration":0,"transform":{"skY":-31.9584,"scX":0.428,"scY":0.5165,"skX":-31.9584}}],"name":"sl_04"},{"frame":[{"tweenEasing":0,"duration":24,"transform":{}},{"tweenEasing":0,"duration":1,"transform":{"y":-0.0047,"x":197.2315}},{"tweenEasing":0,"duration":26,"transform":{}},{"tweenEasing":0,"duration":24,"transform":{}},{"duration":9,"transform":{"y":-0.0047,"x":197.2315}}],"name":"bbl_L21"},{"frame":[{"tweenEasing":0,"duration":20,"transform":{}},{"tweenEasing":0,"duration":20,"transform":{"scX":0.01,"scY":0.01}},{"tweenEasing":0,"duration":20,"transform":{}},{"tweenEasing":0,"duration":20,"transform":{"scX":0.01,"scY":0.01}},{"duration":4,"transform":{}}],"name":"star113"},{"frame":[{"tweenEasing":0,"duration":24,"transform":{"y":-0.911,"x":-0.6748}},{"tweenEasing":0,"duration":24,"transform":{"y":-0.911,"scX":0.01,"scY":0.01,"x":-0.6748}},{"tweenEasing":0,"duration":21,"transform":{"y":-0.911,"x":-0.6748}},{"tweenEasing":0,"duration":15,"transform":{"y":-0.911,"scX":0.01,"scY":0.01,"x":-0.6748}},{"duration":0,"transform":{"y":-0.911,"x":-0.6748}}],"name":"star2"},{"frame":[{"tweenEasing":0,"duration":19,"transform":{"y":1.2672}},{"tweenEasing":0,"duration":16,"transform":{"y":1.0092,"scX":0.01,"scY":0.01,"x":0.258}},{"duration":4,"transform":{"y":0.792,"scX":0.802,"scY":0.802,"x":0.4752}},{"tweenEasing":0,"duration":20,"transform":{"y":0.792,"x":0.4752}},{"tweenEasing":0,"duration":14,"transform":{"y":0.792,"scX":0.01,"scY":0.01,"x":0.4752}},{"duration":11,"transform":{"y":0.792,"x":0.4752}}],"name":"star1112"},{"frame":[{"tweenEasing":0,"duration":24,"transform":{"y":-0.911,"x":-0.6748}},{"tweenEasing":0,"duration":24,"transform":{"y":-0.911,"scX":0.01,"scY":0.01,"x":-0.6748}},{"tweenEasing":0,"duration":21,"transform":{"y":-0.911,"x":-0.6748}},{"tweenEasing":0,"duration":15,"transform":{"y":-0.911,"scX":0.01,"scY":0.01,"x":-0.6748}},{"duration":0,"transform":{"y":-0.911,"x":-0.6748}}],"name":"star21"},{"frame":[{"tweenEasing":0,"duration":24,"transform":{}},{"tweenEasing":0,"duration":6,"transform":{}},{"tweenEasing":0,"duration":7,"transform":{"skY":2.7679,"y":-10.5837,"scY":1.0433,"skX":2.7679,"x":88.1572}},{"duration":47,"transform":{"skY":5.9971,"y":-13.1525,"scY":1.0939,"skX":5.9971,"x":180.6162}}],"name":"bbl_rl"},{"frame":[{"tweenEasing":0,"duration":24,"transform":{}},{"tweenEasing":0,"duration":6,"transform":{}},{"tweenEasing":0,"duration":7,"transform":{"skY":-3.465,"y":11.4447,"scY":1.0433,"skX":-3.465,"x":88.1572}},{"duration":47,"transform":{"skY":-7.5076,"y":13.5333,"scY":1.0939,"skX":-7.5076,"x":180.6162}}],"name":"bbl_rl1"}],"ffd":[],"duration":84,"playTimes":0,"ik":[],"frame":[],"slot":[{"frame":[{"tweenEasing":0,"duration":9},{"tweenEasing":0,"duration":18,"color":{"aM":0}},{"tweenEasing":0,"duration":24},{"tweenEasing":0,"duration":22,"color":{"aM":0}},{"tweenEasing":null,"duration":11}],"name":"star1"},{"frame":[{"tweenEasing":0,"duration":20,"color":{"aM":30}},{"tweenEasing":0,"duration":22,"color":{"aM":33}},{"tweenEasing":0,"duration":21,"color":{"aM":92}},{"tweenEasing":0,"duration":21,"color":{"aM":45}},{"tweenEasing":null,"duration":0,"color":{"aM":0}}],"name":"sl_01"},{"frame":[{"tweenEasing":0,"duration":28,"color":{"aM":36}},{"tweenEasing":0,"duration":31,"color":{"aM":27}},{"tweenEasing":null,"duration":25,"color":{"aM":26}}],"name":"sl_03"},{"frame":[{"tweenEasing":0,"duration":24,"color":{"aM":63}},{"tweenEasing":0,"duration":31},{"tweenEasing":0,"duration":29,"color":{"aM":49}},{"tweenEasing":null,"duration":0}],"name":"bbl_L1"},{"frame":[{"tweenEasing":null,"duration":84,"color":{"aM":16}}],"name":"bbl_L11"},{"frame":[{"tweenEasing":0,"duration":48,"color":{"aM":35}},{"tweenEasing":0,"duration":27,"color":{"aM":56}},{"tweenEasing":null,"duration":9,"color":{"aM":35}}],"name":"Sl_02"},{"frame":[{"tweenEasing":0,"duration":34,"color":{"aM":35}},{"tweenEasing":0,"duration":22,"color":{"aM":56}},{"tweenEasing":null,"duration":28,"color":{"aM":35}}],"name":"sl_05"},{"frame":[{"tweenEasing":0,"duration":27},{"tweenEasing":0,"duration":1,"color":{"aM":0}},{"tweenEasing":0,"duration":22,"color":{"aM":0}},{"tweenEasing":0,"duration":1,"color":{"aM":0}},{"tweenEasing":0,"duration":27},{"tweenEasing":null,"duration":6,"color":{"aM":0}}],"name":"bbl_L2"},{"frame":[{"tweenEasing":0,"duration":17,"color":{"aM":22}},{"tweenEasing":0,"duration":20},{"tweenEasing":0,"duration":22,"color":{"aM":22}},{"tweenEasing":0,"duration":25},{"tweenEasing":null,"duration":0,"color":{"aM":22}}],"name":"icon_bbl_b_l"},{"frame":[{"tweenEasing":null,"duration":84,"color":{"aM":28}}],"name":"B1_L"},{"frame":[{"tweenEasing":0,"duration":42,"color":{"aM":0}},{"tweenEasing":0,"duration":19,"color":{"aM":0}},{"tweenEasing":0,"duration":8,"color":{"aM":70}},{"tweenEasing":0,"duration":15},{"tweenEasing":null,"duration":0,"color":{"aM":41}}],"name":"r_01"},{"frame":[{"tweenEasing":0,"duration":29,"color":{"aM":0}},{"tweenEasing":0,"duration":28,"color":{"aM":0}},{"tweenEasing":0,"duration":27},{"tweenEasing":null,"duration":0,"color":{"aM":0}}],"name":"r_02"},{"frame":[{"tweenEasing":0,"duration":18,"color":{"aM":51}},{"tweenEasing":0,"duration":20},{"tweenEasing":0,"duration":46},{"tweenEasing":null,"duration":0,"color":{"aM":0}}],"name":"r_03"},{"frame":[{"tweenEasing":0,"duration":15},{"tweenEasing":0,"duration":22,"color":{"aM":0}},{"tweenEasing":0,"duration":25},{"tweenEasing":0,"duration":22,"color":{"aM":0}},{"tweenEasing":null,"duration":0}],"name":"star"},{"frame":[{"tweenEasing":0,"duration":4},{"tweenEasing":0,"duration":16,"color":{"aM":0}},{"tweenEasing":0,"duration":24},{"tweenEasing":0,"duration":27,"color":{"aM":0}},{"tweenEasing":null,"duration":13}],"name":"star11"},{"frame":[{"tweenEasing":0,"duration":12},{"tweenEasing":0,"duration":16,"color":{"aM":0}},{"tweenEasing":0,"duration":21},{"tweenEasing":0,"duration":18,"color":{"aM":0}},{"tweenEasing":null,"duration":17}],"name":"star111"},{"frame":[{"tweenEasing":0,"duration":18},{"tweenEasing":0,"duration":18,"color":{"aM":0}},{"tweenEasing":0,"duration":21},{"tweenEasing":0,"duration":21,"color":{"aM":0}},{"tweenEasing":null,"duration":6}],"name":"star1111"},{"frame":[{"tweenEasing":0,"duration":3,"color":{"aM":0}},{"tweenEasing":0,"duration":9},{"tweenEasing":0,"duration":18,"color":{"aM":0}},{"tweenEasing":0,"duration":24},{"tweenEasing":0,"duration":22,"color":{"aM":0}},{"tweenEasing":null,"duration":8}],"name":"star112"},{"frame":[{"tweenEasing":0,"duration":10,"color":{"aM":0}},{"tweenEasing":0,"duration":10},{"tweenEasing":0,"duration":18,"color":{"aM":0}},{"tweenEasing":0,"duration":24},{"tweenEasing":0,"duration":17,"color":{"aM":0}},{"tweenEasing":null,"duration":5}],"name":"star1121"},{"frame":[{"tweenEasing":0,"duration":28,"color":{"aM":63}},{"tweenEasing":0,"duration":31,"color":{"aM":59}},{"tweenEasing":null,"duration":25}],"name":"sl_042"},{"frame":[{"tweenEasing":0,"duration":28,"color":{"aM":63}},{"tweenEasing":0,"duration":31,"color":{"aM":59}},{"tweenEasing":null,"duration":25}],"name":"sl_032"},{"frame":[{"tweenEasing":0,"duration":24,"color":{"aM":63}},{"tweenEasing":0,"duration":31},{"tweenEasing":0,"duration":29,"color":{"aM":49}},{"tweenEasing":null,"duration":0}],"name":"bbl_L111"},{"frame":[{"tweenEasing":null,"duration":84,"color":{"aM":16}}],"name":"bbl_L112"},{"frame":[{"tweenEasing":0,"duration":16,"color":{"aM":48}},{"tweenEasing":0,"duration":16},{"tweenEasing":0,"duration":18,"color":{"aM":75}},{"tweenEasing":0,"duration":15},{"tweenEasing":null,"duration":19,"color":{"aM":48}}],"name":"B1_L1"},{"frame":[{"tweenEasing":0,"duration":28,"color":{"aM":39}},{"tweenEasing":0,"duration":31,"color":{"aM":59}},{"tweenEasing":null,"duration":25,"color":{"aM":39}}],"name":"sl_03111"},{"frame":[{"tweenEasing":0,"duration":28,"color":{"aM":63}},{"tweenEasing":0,"duration":31,"color":{"aM":59}},{"tweenEasing":null,"duration":25,"color":{"aM":49}}],"name":"sl_043"},{"frame":[{"tweenEasing":0,"duration":28,"color":{"aM":36}},{"tweenEasing":0,"duration":31,"color":{"aM":27}},{"tweenEasing":null,"duration":25,"color":{"aM":26}}],"name":"sl_033"},{"frame":[{"tweenEasing":0,"duration":28,"color":{"aM":63}},{"tweenEasing":0,"duration":31,"color":{"aM":59}},{"tweenEasing":null,"duration":25,"color":{"aM":49}}],"name":"sl_04"},{"frame":[{"tweenEasing":0,"duration":20,"color":{"aM":0}},{"tweenEasing":0,"duration":20},{"tweenEasing":0,"duration":20,"color":{"aM":0}},{"tweenEasing":0,"duration":24},{"tweenEasing":null,"duration":0,"color":{"aM":0}}],"name":"mL02"},{"frame":[{"tweenEasing":0,"duration":20},{"tweenEasing":0,"duration":20,"color":{"aM":0}},{"tweenEasing":0,"duration":20},{"tweenEasing":0,"duration":24,"color":{"aM":0}},{"tweenEasing":null,"duration":0}],"name":"mL01"},{"frame":[{"tweenEasing":0,"duration":20,"color":{"aM":50}},{"tweenEasing":0,"duration":20,"color":{"aM":0}},{"tweenEasing":0,"duration":20,"color":{"aM":50}},{"tweenEasing":0,"duration":24,"color":{"aM":0}},{"tweenEasing":null,"duration":0,"color":{"aM":50}}],"name":"mL011"},{"frame":[{"tweenEasing":0,"duration":20,"color":{"aM":0}},{"tweenEasing":0,"duration":20,"color":{"aM":50}},{"tweenEasing":0,"duration":20,"color":{"aM":0}},{"tweenEasing":0,"duration":24,"color":{"aM":50}},{"tweenEasing":null,"duration":0,"color":{"aM":0}}],"name":"mL021"},{"frame":[{"tweenEasing":0,"duration":27,"color":{"aM":50}},{"tweenEasing":0,"duration":1,"color":{"aM":0}},{"tweenEasing":0,"duration":22,"color":{"aM":0}},{"tweenEasing":0,"duration":1,"color":{"aM":0}},{"tweenEasing":0,"duration":27,"color":{"aM":30}},{"tweenEasing":null,"duration":6,"color":{"aM":0}}],"name":"bbl_L21"},{"frame":[{"tweenEasing":0,"duration":11},{"tweenEasing":0,"duration":18,"color":{"aM":0}},{"tweenEasing":0,"duration":24},{"tweenEasing":0,"duration":27,"color":{"aM":0}},{"tweenEasing":null,"duration":4}],"name":"star113"},{"frame":[{"tweenEasing":0,"duration":15},{"tweenEasing":0,"duration":22,"color":{"aM":0}},{"tweenEasing":0,"duration":25},{"tweenEasing":0,"duration":22,"color":{"aM":0}},{"tweenEasing":null,"duration":0}],"name":"star2"},{"frame":[{"tweenEasing":0,"duration":10},{"tweenEasing":0,"duration":18,"color":{"aM":0}},{"tweenEasing":0,"duration":24},{"tweenEasing":0,"duration":21,"color":{"aM":0}},{"tweenEasing":null,"duration":11}],"name":"star1112"},{"frame":[{"tweenEasing":0,"duration":15},{"tweenEasing":0,"duration":22,"color":{"aM":0}},{"tweenEasing":0,"duration":25},{"tweenEasing":0,"duration":22,"color":{"aM":0}},{"tweenEasing":null,"duration":0}],"name":"star21"},{"frame":[{"tweenEasing":0,"duration":24,"color":{"aM":0}},{"tweenEasing":0,"duration":6,"color":{"aM":33}},{"tweenEasing":0,"duration":7,"color":{"aM":48}},{"tweenEasing":null,"duration":47,"color":{"aM":0}}],"name":"bbl_rl"},{"frame":[{"tweenEasing":0,"duration":24,"color":{"aM":0}},{"tweenEasing":0,"duration":6,"color":{"aM":13}},{"tweenEasing":0,"duration":7,"color":{"aM":27}},{"tweenEasing":null,"duration":47,"color":{"aM":0}}],"name":"bbl_rl1"}],"name":"animtion0"}],"name":"Armature"},{"ik":[],"skin":[],"type":"MovieClip","frameRate":24,"aabb":{"width":0,"y":0,"height":0,"x":0},"bone":[{"name":"root","transform":{}}],"defaultActions":[{"gotoAndPlay":""}],"slot":[],"animation":[],"name":"MovieClip"}],"frameRate":24,"name":"Loadingpage","version":"5.0","isGlobal":0}