{"skeleton":{"hash":"Rpw/ssD/944pbmTGRrXp4//2HEQ","spine":"3.6.53","width":512.83,"height":520.38,"images":"./spine图素/"},"bones":[{"name":"root","x":0.28},{"name":"流光","parent":"root"},{"name":"闪光","parent":"root"}],"slots":[{"name":"8","bone":"root","attachment":"8"},{"name":"通用底","bone":"root","attachment":"通用底"},{"name":"筹码","bone":"root","attachment":"筹码"},{"name":"阴影","bone":"root","attachment":"阴影"},{"name":"流光_T00001","bone":"流光","attachment":"流光_T00010","blend":"additive"},{"name":"金币2","bone":"root","attachment":"金币2"},{"name":"筹码2","bone":"root","attachment":"筹码2"},{"name":"牌","bone":"root","attachment":"牌"},{"name":"金币1","bone":"root","attachment":"金币1"},{"name":"押注","bone":"root","attachment":"押注"},{"name":"闪光_T00001","bone":"闪光","attachment":"闪光_T00013","blend":"additive"}],"skins":{"default":{"8":{"8":{"width":235,"height":215}},"押注":{"押注":{"x":-2.69,"y":-18.18,"width":235,"height":215}},"流光_T00001":{"流光_T00001":{"width":512,"height":512},"流光_T00002":{"width":512,"height":512},"流光_T00003":{"width":512,"height":512},"流光_T00004":{"width":512,"height":512},"流光_T00005":{"width":512,"height":512},"流光_T00006":{"width":512,"height":512},"流光_T00007":{"width":512,"height":512},"流光_T00008":{"width":512,"height":512},"流光_T00009":{"width":512,"height":512},"流光_T00010":{"x":-1.11,"y":-8.38,"width":512,"height":512}},"牌":{"牌":{"x":-4.24,"y":-1.4,"width":235,"height":215}},"筹码":{"筹码":{"x":-2.93,"y":-6,"width":235,"height":215}},"筹码2":{"筹码2":{"x":0.63,"y":5.28,"width":235,"height":215}},"通用底":{"通用底":{"x":-3.02,"y":-5.12,"width":201,"height":125}},"金币1":{"金币1":{"x":-2.4,"y":2.61,"width":235,"height":215}},"金币2":{"金币2":{"x":-2.18,"y":1.64,"width":235,"height":215}},"闪光_T00001":{"闪光_T00001":{"width":512,"height":512},"闪光_T00002":{"width":512,"height":512},"闪光_T00003":{"width":512,"height":512},"闪光_T00004":{"width":512,"height":512},"闪光_T00005":{"width":512,"height":512},"闪光_T00006":{"width":512,"height":512},"闪光_T00007":{"width":512,"height":512},"闪光_T00008":{"width":512,"height":512},"闪光_T00009":{"width":512,"height":512},"闪光_T00010":{"width":512,"height":512},"闪光_T00011":{"width":512,"height":512},"闪光_T00012":{"width":512,"height":512},"闪光_T00013":{"x":-0.28,"width":512,"height":512}},"阴影":{"阴影":{"x":2.87,"y":1.82,"width":235,"height":215}}}},"animations":{"animation":{"slots":{"押注":{"attachment":[{"time":0,"name":"押注"}]},"流光_T00001":{"color":[{"time":0,"color":"ffffff00"},{"time":0.2,"color":"ffffffff"},{"time":0.5,"color":"ffffff00","curve":"stepped"},{"time":0.9333,"color":"ffffff00"}],"attachment":[{"time":0,"name":"流光_T00010"},{"time":0.0667,"name":"流光_T00001"},{"time":0.1,"name":"流光_T00002"},{"time":0.1333,"name":"流光_T00003"},{"time":0.1667,"name":"流光_T00004"},{"time":0.2333,"name":"流光_T00005"},{"time":0.2667,"name":"流光_T00006"},{"time":0.3,"name":"流光_T00007"},{"time":0.3333,"name":"流光_T00008"},{"time":0.3667,"name":"流光_T00009"},{"time":0.4,"name":"流光_T00010"},{"time":0.4333,"name":null},{"time":0.5,"name":null},{"time":0.9333,"name":null}]},"牌":{"attachment":[{"time":0,"name":"牌"}]},"筹码":{"attachment":[{"time":0,"name":"筹码"}]},"筹码2":{"attachment":[{"time":0,"name":"筹码2"}]},"通用底":{"attachment":[{"time":0,"name":"通用底"}]},"金币1":{"attachment":[{"time":0,"name":"金币1"}]},"金币2":{"attachment":[{"time":0,"name":"金币2"}]},"闪光_T00001":{"attachment":[{"time":0,"name":"闪光_T00013"},{"time":0.0667,"name":"闪光_T00001"},{"time":0.1333,"name":"闪光_T00002"},{"time":0.2,"name":"闪光_T00003"},{"time":0.2667,"name":"闪光_T00004"},{"time":0.3333,"name":"闪光_T00005"},{"time":0.4,"name":"闪光_T00006"},{"time":0.4667,"name":"闪光_T00007"},{"time":0.5333,"name":"闪光_T00008"},{"time":0.6,"name":"闪光_T00009"},{"time":0.6667,"name":"闪光_T00010"},{"time":0.7333,"name":"闪光_T00011"},{"time":0.8,"name":"闪光_T00012"},{"time":0.8667,"name":"闪光_T00013"},{"time":0.9333,"name":"闪光_T00013"}]},"阴影":{"attachment":[{"time":0,"name":"阴影"}]}},"bones":{"root":{"rotate":[{"time":0,"angle":0}],"translate":[{"time":0,"x":0,"y":0}],"scale":[{"time":0,"x":1,"y":1}],"shear":[{"time":0,"x":0,"y":0}]},"流光":{"rotate":[{"time":0,"angle":0,"curve":"stepped"},{"time":0.5,"angle":0,"curve":"stepped"},{"time":0.9333,"angle":0}],"translate":[{"time":0,"x":0,"y":0},{"time":0.0333,"x":0,"y":-0.33},{"time":0.0667,"x":-1.12,"y":-7.82},{"time":0.1,"x":-1.4,"y":-8.44},{"time":0.1333,"x":-1.4,"y":-9.07},{"time":0.3667,"x":-1.68,"y":-8.23},{"time":0.4,"x":-2.24,"y":-0.11,"curve":"stepped"},{"time":0.5,"x":-2.24,"y":-0.11,"curve":"stepped"},{"time":0.9333,"x":-2.24,"y":-0.11}],"scale":[{"time":0,"x":1,"y":1,"curve":"stepped"},{"time":0.5,"x":1,"y":1,"curve":"stepped"},{"time":0.9333,"x":1,"y":1}],"shear":[{"time":0,"x":0,"y":0,"curve":"stepped"},{"time":0.5,"x":0,"y":0,"curve":"stepped"},{"time":0.9333,"x":0,"y":0}]},"闪光":{"rotate":[{"time":0,"angle":0,"curve":"stepped"},{"time":0.0667,"angle":0,"curve":"stepped"},{"time":0.1333,"angle":0,"curve":"stepped"},{"time":0.2,"angle":0,"curve":"stepped"},{"time":0.2667,"angle":0,"curve":"stepped"},{"time":0.3333,"angle":0,"curve":"stepped"},{"time":0.4,"angle":0,"curve":"stepped"},{"time":0.4667,"angle":0,"curve":"stepped"},{"time":0.5333,"angle":0,"curve":"stepped"},{"time":0.6,"angle":0,"curve":"stepped"},{"time":0.6667,"angle":0,"curve":"stepped"},{"time":0.7333,"angle":0,"curve":"stepped"},{"time":0.8,"angle":0,"curve":"stepped"},{"time":0.8667,"angle":0,"curve":"stepped"},{"time":0.9333,"angle":0}],"translate":[{"time":0,"x":0,"y":-6.45,"curve":"stepped"},{"time":0.0667,"x":0,"y":-6.45,"curve":"stepped"},{"time":0.1333,"x":0,"y":-6.45,"curve":"stepped"},{"time":0.2,"x":0,"y":-6.45,"curve":"stepped"},{"time":0.2667,"x":0,"y":-6.45,"curve":"stepped"},{"time":0.3333,"x":0,"y":-6.45,"curve":"stepped"},{"time":0.4,"x":0,"y":-6.45,"curve":"stepped"},{"time":0.4667,"x":0,"y":-6.45,"curve":"stepped"},{"time":0.5333,"x":0,"y":-6.45,"curve":"stepped"},{"time":0.6,"x":0,"y":-6.45,"curve":"stepped"},{"time":0.6667,"x":0,"y":-6.45,"curve":"stepped"},{"time":0.7333,"x":0,"y":-6.45,"curve":"stepped"},{"time":0.8,"x":0,"y":-6.45,"curve":"stepped"},{"time":0.8667,"x":0,"y":-6.45,"curve":"stepped"},{"time":0.9333,"x":0,"y":-6.45}],"scale":[{"time":0,"x":1,"y":1,"curve":"stepped"},{"time":0.0667,"x":1,"y":1,"curve":"stepped"},{"time":0.1333,"x":1,"y":1,"curve":"stepped"},{"time":0.2,"x":1,"y":1,"curve":"stepped"},{"time":0.2667,"x":1,"y":1,"curve":"stepped"},{"time":0.3333,"x":1,"y":1,"curve":"stepped"},{"time":0.4,"x":1,"y":1,"curve":"stepped"},{"time":0.4667,"x":1,"y":1,"curve":"stepped"},{"time":0.5333,"x":1,"y":1,"curve":"stepped"},{"time":0.6,"x":1,"y":1,"curve":"stepped"},{"time":0.6667,"x":1,"y":1,"curve":"stepped"},{"time":0.7333,"x":1,"y":1,"curve":"stepped"},{"time":0.8,"x":1,"y":1,"curve":"stepped"},{"time":0.8667,"x":1,"y":1,"curve":"stepped"},{"time":0.9333,"x":1,"y":1}],"shear":[{"time":0,"x":0,"y":0,"curve":"stepped"},{"time":0.0667,"x":0,"y":0,"curve":"stepped"},{"time":0.1333,"x":0,"y":0,"curve":"stepped"},{"time":0.2,"x":0,"y":0,"curve":"stepped"},{"time":0.2667,"x":0,"y":0,"curve":"stepped"},{"time":0.3333,"x":0,"y":0,"curve":"stepped"},{"time":0.4,"x":0,"y":0,"curve":"stepped"},{"time":0.4667,"x":0,"y":0,"curve":"stepped"},{"time":0.5333,"x":0,"y":0,"curve":"stepped"},{"time":0.6,"x":0,"y":0,"curve":"stepped"},{"time":0.6667,"x":0,"y":0,"curve":"stepped"},{"time":0.7333,"x":0,"y":0,"curve":"stepped"},{"time":0.8,"x":0,"y":0,"curve":"stepped"},{"time":0.8667,"x":0,"y":0,"curve":"stepped"},{"time":0.9333,"x":0,"y":0}]}}}}}