{"skeleton":{"hash":"lALm/P1K3ifAt9+Yqr4kLGL202M","spine":"3.6.53","width":512,"height":512,"images":"./龙虎斗图素/"},"bones":[{"name":"root"},{"name":"bone","parent":"root"},{"name":"bone5","parent":"root","x":2.83,"y":6.17}],"slots":[{"name":"房间游戏名-龙虎斗","bone":"bone","attachment":"1"},{"name":"龙虎斗_T00000","bone":"bone5","attachment":"龙虎斗_T00019","blend":"additive"}],"skins":{"default":{"房间游戏名-龙虎斗":{"1":{"width":235,"height":215}},"龙虎斗_T00000":{"龙虎斗_T00000":{"width":512,"height":512},"龙虎斗_T00001":{"width":512,"height":512},"龙虎斗_T00002":{"width":512,"height":512},"龙虎斗_T00003":{"width":512,"height":512},"龙虎斗_T00004":{"width":512,"height":512},"龙虎斗_T00005":{"width":512,"height":512},"龙虎斗_T00006":{"width":512,"height":512},"龙虎斗_T00007":{"width":512,"height":512},"龙虎斗_T00008":{"width":512,"height":512},"龙虎斗_T00009":{"width":512,"height":512},"龙虎斗_T00010":{"width":512,"height":512},"龙虎斗_T00011":{"width":512,"height":512},"龙虎斗_T00012":{"width":512,"height":512},"龙虎斗_T00013":{"width":512,"height":512},"龙虎斗_T00014":{"width":512,"height":512},"龙虎斗_T00015":{"width":512,"height":512},"龙虎斗_T00016":{"width":512,"height":512},"龙虎斗_T00017":{"width":512,"height":512},"龙虎斗_T00018":{"width":512,"height":512},"龙虎斗_T00019":{"width":512,"height":512}}}},"animations":{"animation":{"slots":{"龙虎斗_T00000":{"attachment":[{"time":0.0333,"name":"龙虎斗_T00001"},{"time":0.0667,"name":"龙虎斗_T00002"},{"time":0.1,"name":"龙虎斗_T00003"},{"time":0.1333,"name":"龙虎斗_T00004"},{"time":0.1667,"name":"龙虎斗_T00005"},{"time":0.2,"name":"龙虎斗_T00006"},{"time":0.2333,"name":"龙虎斗_T00007"},{"time":0.2667,"name":"龙虎斗_T00008"},{"time":0.3,"name":"龙虎斗_T00009"},{"time":0.3333,"name":"龙虎斗_T00010"},{"time":0.3667,"name":"龙虎斗_T00011"},{"time":0.4,"name":"龙虎斗_T00012"},{"time":0.4333,"name":"龙虎斗_T00013"},{"time":0.4667,"name":"龙虎斗_T00014"},{"time":0.5,"name":"龙虎斗_T00015"},{"time":0.5333,"name":"龙虎斗_T00016"},{"time":0.5667,"name":"龙虎斗_T00017"},{"time":0.6,"name":"龙虎斗_T00018"},{"time":0.6333,"name":"龙虎斗_T00019"}]}},"bones":{"bone5":{"rotate":[{"time":0,"angle":0,"curve":"stepped"},{"time":0.0333,"angle":0,"curve":"stepped"},{"time":0.0667,"angle":0,"curve":"stepped"},{"time":0.1,"angle":0,"curve":"stepped"},{"time":0.1333,"angle":0,"curve":"stepped"},{"time":0.1667,"angle":0,"curve":"stepped"},{"time":0.2,"angle":0,"curve":"stepped"},{"time":0.2333,"angle":0,"curve":"stepped"},{"time":0.2667,"angle":0,"curve":"stepped"},{"time":0.3,"angle":0,"curve":"stepped"},{"time":0.3333,"angle":0,"curve":"stepped"},{"time":0.3667,"angle":0,"curve":"stepped"},{"time":0.4,"angle":0,"curve":"stepped"},{"time":0.4333,"angle":0,"curve":"stepped"},{"time":0.4667,"angle":0,"curve":"stepped"},{"time":0.5,"angle":0,"curve":"stepped"},{"time":0.5333,"angle":0,"curve":"stepped"},{"time":0.5667,"angle":0,"curve":"stepped"},{"time":0.6,"angle":0,"curve":"stepped"},{"time":0.6333,"angle":0}],"translate":[{"time":0,"x":0,"y":0,"curve":"stepped"},{"time":0.0333,"x":0,"y":0,"curve":"stepped"},{"time":0.0667,"x":0,"y":0,"curve":"stepped"},{"time":0.1,"x":0,"y":0,"curve":"stepped"},{"time":0.1333,"x":0,"y":0,"curve":"stepped"},{"time":0.1667,"x":0,"y":0,"curve":"stepped"},{"time":0.2,"x":0,"y":0,"curve":"stepped"},{"time":0.2333,"x":0,"y":0,"curve":"stepped"},{"time":0.2667,"x":0,"y":0,"curve":"stepped"},{"time":0.3,"x":0,"y":0,"curve":"stepped"},{"time":0.3333,"x":0,"y":0,"curve":"stepped"},{"time":0.3667,"x":0,"y":0,"curve":"stepped"},{"time":0.4,"x":0,"y":0,"curve":"stepped"},{"time":0.4333,"x":0,"y":0,"curve":"stepped"},{"time":0.4667,"x":0,"y":0,"curve":"stepped"},{"time":0.5,"x":0,"y":0,"curve":"stepped"},{"time":0.5333,"x":0,"y":0,"curve":"stepped"},{"time":0.5667,"x":0,"y":0,"curve":"stepped"},{"time":0.6,"x":0,"y":0,"curve":"stepped"},{"time":0.6333,"x":0,"y":0}],"scale":[{"time":0,"x":1,"y":1,"curve":"stepped"},{"time":0.0333,"x":1,"y":1,"curve":"stepped"},{"time":0.0667,"x":1,"y":1,"curve":"stepped"},{"time":0.1,"x":1,"y":1,"curve":"stepped"},{"time":0.1333,"x":1,"y":1,"curve":"stepped"},{"time":0.1667,"x":1,"y":1,"curve":"stepped"},{"time":0.2,"x":1,"y":1,"curve":"stepped"},{"time":0.2333,"x":1,"y":1,"curve":"stepped"},{"time":0.2667,"x":1,"y":1,"curve":"stepped"},{"time":0.3,"x":1,"y":1,"curve":"stepped"},{"time":0.3333,"x":1,"y":1,"curve":"stepped"},{"time":0.3667,"x":1,"y":1,"curve":"stepped"},{"time":0.4,"x":1,"y":1,"curve":"stepped"},{"time":0.4333,"x":1,"y":1,"curve":"stepped"},{"time":0.4667,"x":1,"y":1,"curve":"stepped"},{"time":0.5,"x":1,"y":1,"curve":"stepped"},{"time":0.5333,"x":1,"y":1,"curve":"stepped"},{"time":0.5667,"x":1,"y":1,"curve":"stepped"},{"time":0.6,"x":1,"y":1,"curve":"stepped"},{"time":0.6333,"x":1,"y":1}],"shear":[{"time":0,"x":0,"y":0,"curve":"stepped"},{"time":0.0333,"x":0,"y":0,"curve":"stepped"},{"time":0.0667,"x":0,"y":0,"curve":"stepped"},{"time":0.1,"x":0,"y":0,"curve":"stepped"},{"time":0.1333,"x":0,"y":0,"curve":"stepped"},{"time":0.1667,"x":0,"y":0,"curve":"stepped"},{"time":0.2,"x":0,"y":0,"curve":"stepped"},{"time":0.2333,"x":0,"y":0,"curve":"stepped"},{"time":0.2667,"x":0,"y":0,"curve":"stepped"},{"time":0.3,"x":0,"y":0,"curve":"stepped"},{"time":0.3333,"x":0,"y":0,"curve":"stepped"},{"time":0.3667,"x":0,"y":0,"curve":"stepped"},{"time":0.4,"x":0,"y":0,"curve":"stepped"},{"time":0.4333,"x":0,"y":0,"curve":"stepped"},{"time":0.4667,"x":0,"y":0,"curve":"stepped"},{"time":0.5,"x":0,"y":0,"curve":"stepped"},{"time":0.5333,"x":0,"y":0,"curve":"stepped"},{"time":0.5667,"x":0,"y":0,"curve":"stepped"},{"time":0.6,"x":0,"y":0,"curve":"stepped"},{"time":0.6333,"x":0,"y":0}]}}}}}