{"skeleton":{"hash":"nup2u7j/LbVaia9ruBDyHpbAMNk","spine":"3.6.53","width":512,"height":512,"images":"./spine图素/"},"bones":[{"name":"root"},{"name":"火焰","parent":"root","x":1.39,"y":4.76}],"slots":[{"name":"12","bone":"root","attachment":"12"},{"name":"火焰_T00000","bone":"火焰","attachment":"火焰_T00013","blend":"additive"}],"skins":{"default":{"12":{"12":{"y":8,"width":235,"height":215}},"火焰_T00000":{"火焰_T00000":{"width":512,"height":512},"火焰_T00001":{"width":512,"height":512},"火焰_T00002":{"width":512,"height":512},"火焰_T00003":{"width":512,"height":512},"火焰_T00004":{"width":512,"height":512},"火焰_T00005":{"width":512,"height":512},"火焰_T00006":{"width":512,"height":512},"火焰_T00007":{"width":512,"height":512},"火焰_T00008":{"width":512,"height":512},"火焰_T00009":{"width":512,"height":512},"火焰_T00010":{"width":512,"height":512},"火焰_T00011":{"width":512,"height":512},"火焰_T00012":{"width":512,"height":512},"火焰_T00013":{"x":4.06,"y":8.12,"width":512,"height":512}}}},"animations":{"animation":{"slots":{"12":{"attachment":[{"time":0,"name":"12"}]},"火焰_T00000":{"attachment":[{"time":0,"name":"火焰_T00013"},{"time":0.0333,"name":"火焰_T00000"},{"time":0.0667,"name":"火焰_T00001"},{"time":0.1,"name":"火焰_T00002"},{"time":0.1333,"name":"火焰_T00003"},{"time":0.1667,"name":"火焰_T00004"},{"time":0.2,"name":"火焰_T00005"},{"time":0.2333,"name":"火焰_T00006"},{"time":0.2667,"name":"火焰_T00007"},{"time":0.3,"name":"火焰_T00008"},{"time":0.3333,"name":"火焰_T00009"},{"time":0.3667,"name":"火焰_T00010"},{"time":0.4,"name":"火焰_T00011"},{"time":0.4333,"name":"火焰_T00012"},{"time":0.4667,"name":"火焰_T00013"},{"time":0.5,"name":null}]}},"bones":{"root":{"rotate":[{"time":0,"angle":0,"curve":"stepped"},{"time":0.5,"angle":0}],"translate":[{"time":0,"x":0,"y":0,"curve":"stepped"},{"time":0.5,"x":0,"y":0}],"scale":[{"time":0,"x":1,"y":1,"curve":"stepped"},{"time":0.5,"x":1,"y":1}],"shear":[{"time":0,"x":0,"y":0,"curve":"stepped"},{"time":0.5,"x":0,"y":0}]},"火焰":{"rotate":[{"time":0,"angle":0,"curve":"stepped"},{"time":0.5,"angle":0}],"translate":[{"time":0,"x":0,"y":0,"curve":"stepped"},{"time":0.5,"x":0,"y":0}],"scale":[{"time":0,"x":1,"y":1,"curve":"stepped"},{"time":0.5,"x":1,"y":1}],"shear":[{"time":0,"x":0,"y":0}]}}}}}