{"skeleton":{"hash":"0QkJwRTpyV/2+1XRqQ2PXu1HJjo","spine":"3.6.53","width":247.2,"height":228.98,"images":""},"bones":[{"name":"root"},{"name":"bone","parent":"root"},{"name":"乱飞小钱","parent":"bone"},{"name":"乱飞小钱2","parent":"乱飞小钱","x":-93.54,"y":-47.42,"scaleX":0.8,"scaleY":0.8},{"name":"乱飞小钱3","parent":"乱飞小钱","x":-9.09,"y":-65.08,"scaleX":0.8,"scaleY":0.8},{"name":"乱飞小钱4","parent":"乱飞小钱","x":43.1,"y":-51.93,"scaleX":0.8,"scaleY":0.8},{"name":"乱飞小钱5","parent":"乱飞小钱","x":85.53,"y":-58.77,"scaleX":0.7,"scaleY":0.7},{"name":"乱飞小钱6","parent":"乱飞小钱","x":-52.85,"y":-22.55,"scaleX":0.7,"scaleY":0.7},{"name":"红包1","parent":"bone","x":-52.25,"y":-29.11},{"name":"红包2","parent":"bone","x":24.12,"y":-37.97},{"name":"背景字体","parent":"bone","x":-2.05,"y":-2.62},{"name":"财神头","parent":"bone","x":-2.68,"y":18.27},{"name":"财神头冠","parent":"财神头","x":-25,"y":28.52},{"name":"财神头冠2","parent":"财神头","x":22.74,"y":28.52,"scaleX":-1},{"name":"财神身体","parent":"bone","x":0.58,"y":-63.72},{"name":"钱币","parent":"bone","x":-5.79,"y":-23.05},{"name":"钱币和光","parent":"乱飞小钱2","scaleX":1.5,"scaleY":1.5},{"name":"钱币和光2","parent":"乱飞小钱3","scaleX":1.5,"scaleY":1.5},{"name":"钱币和光3","parent":"乱飞小钱5","scaleX":1.5,"scaleY":1.5},{"name":"钱币和光4","parent":"乱飞小钱6","scaleX":1.5,"scaleY":1.5},{"name":"钱币和光5","parent":"乱飞小钱4","scaleX":1.5,"scaleY":1.5}],"slots":[{"name":"切图/tubiaobeijing","bone":"背景字体","attachment":"切图/tubiaobeijing"},{"name":"切图/财神到1月22日＋/财神身体","bone":"财神身体","attachment":"切图/财神到1月22日＋/财神身体"},{"name":"切图/财神到1月22日＋/财神冠3478","bone":"财神头冠","attachment":"切图/财神到1月22日＋/财神冠3478"},{"name":"切图/财神到1月22日＋/财神冠3479","bone":"财神头冠2","attachment":"切图/财神到1月22日＋/财神冠3478"},{"name":"切图/财神到1月22日＋/财神头287","bone":"财神头","attachment":"切图/财神到1月22日＋/财神头287"},{"name":"切图/财神到1月22日＋/小铜钱1","bone":"乱飞小钱2","attachment":"切图/财神到1月22日＋/小铜钱1"},{"name":"切图/财神到1月22日＋/小铜钱2","bone":"乱飞小钱3","attachment":"切图/财神到1月22日＋/小铜钱1"},{"name":"切图/财神到1月22日＋/小铜钱4","bone":"乱飞小钱5","attachment":"切图/财神到1月22日＋/小铜钱1"},{"name":"切图/财神到1月22日＋/小铜钱5","bone":"乱飞小钱6","attachment":"切图/财神到1月22日＋/小铜钱1"},{"name":"切图/财神到1月22日＋/小铜钱3","bone":"乱飞小钱4","attachment":"切图/财神到1月22日＋/小铜钱3"},{"name":"切图/财神到1月22日＋/89768345","bone":"钱币和光","color":"ffffffc1","attachment":"切图/财神到1月22日＋/89768345","blend":"additive"},{"name":"切图/财神到1月22日＋/89768346","bone":"钱币和光2","color":"ffffffc1","attachment":"切图/财神到1月22日＋/89768345","blend":"additive"},{"name":"切图/财神到1月22日＋/89768347","bone":"钱币和光3","color":"ffffffc1","attachment":"切图/财神到1月22日＋/89768345","blend":"additive"},{"name":"切图/财神到1月22日＋/89768349","bone":"钱币和光5","color":"ffffffc1","attachment":"切图/财神到1月22日＋/89768345","blend":"additive"},{"name":"切图/财神到1月22日＋/89768348","bone":"钱币和光4","color":"ffffffc1","attachment":"切图/财神到1月22日＋/89768345","blend":"additive"},{"name":"切图/财神到1月22日＋/钱币6527354","bone":"钱币","attachment":"切图/财神到1月22日＋/钱币6527354"},{"name":"切图/财神到1月22日＋/红包78656283","bone":"红包1","attachment":"切图/财神到1月22日＋/红包78656283"},{"name":"切图/财神到1月22日＋/红包8569826378","bone":"红包2","attachment":"切图/财神到1月22日＋/红包8569826378"},{"name":"标题","bone":"bone","attachment":"切图/财神到1月22日＋/财神到"}],"skins":{"default":{"切图/tubiaobeijing":{"切图/tubiaobeijing":{"width":201,"height":125}},"切图/财神到1月22日＋/89768345":{"切图/财神到1月22日＋/89768345":{"width":59,"height":59}},"切图/财神到1月22日＋/89768346":{"切图/财神到1月22日＋/89768345":{"width":59,"height":59}},"切图/财神到1月22日＋/89768347":{"切图/财神到1月22日＋/89768345":{"width":59,"height":59}},"切图/财神到1月22日＋/89768348":{"切图/财神到1月22日＋/89768345":{"width":59,"height":59}},"切图/财神到1月22日＋/89768349":{"切图/财神到1月22日＋/89768345":{"width":59,"height":59}},"切图/财神到1月22日＋/小铜钱1":{"切图/财神到1月22日＋/小铜钱1":{"x":0.41,"y":-1.36,"width":33,"height":25}},"切图/财神到1月22日＋/小铜钱2":{"切图/财神到1月22日＋/小铜钱1":{"x":0.41,"y":-1.36,"width":33,"height":25}},"切图/财神到1月22日＋/小铜钱3":{"切图/财神到1月22日＋/小铜钱3":{"width":39,"height":23}},"切图/财神到1月22日＋/小铜钱4":{"切图/财神到1月22日＋/小铜钱1":{"x":0.41,"y":-1.36,"width":33,"height":25}},"切图/财神到1月22日＋/小铜钱5":{"切图/财神到1月22日＋/小铜钱1":{"x":0.41,"y":-1.36,"width":33,"height":25}},"切图/财神到1月22日＋/红包78656283":{"切图/财神到1月22日＋/红包78656283":{"width":66,"height":72}},"切图/财神到1月22日＋/红包8569826378":{"切图/财神到1月22日＋/红包8569826378":{"width":90,"height":102}},"切图/财神到1月22日＋/财神冠3478":{"切图/财神到1月22日＋/财神冠3478":{"x":-22.77,"y":-4.46,"width":58,"height":39}},"切图/财神到1月22日＋/财神冠3479":{"切图/财神到1月22日＋/财神冠3478":{"x":-22.77,"y":-4.46,"width":58,"height":39}},"切图/财神到1月22日＋/财神头287":{"切图/财神到1月22日＋/财神头287":{"type":"mesh","uvs":[1,1,0,1,0,0,1,0],"triangles":[1,2,3,1,3,0],"vertices":[34.5,-22.35,-34.5,-22.35,-34.5,103.65,34.5,103.65],"hull":4,"edges":[0,2,2,4,4,6,0,6],"width":69,"height":126}},"切图/财神到1月22日＋/财神身体":{"切图/财神到1月22日＋/财神身体":{"x":5.54,"y":46.54,"width":213,"height":107}},"切图/财神到1月22日＋/钱币6527354":{"切图/财神到1月22日＋/钱币6527354":{"width":209,"height":42}},"标题":{"切图/财神到1月22日＋/财神到":{"x":-1.24,"y":-67.07,"width":239,"height":80}}}},"animations":{"animation":{"slots":{"切图/财神到1月22日＋/89768345":{"color":[{"time":0,"color":"ffffff00","curve":"stepped"},{"time":0.2667,"color":"ffffff00"},{"time":0.6,"color":"ffffffc1"},{"time":0.9333,"color":"ffffff00"}]},"切图/财神到1月22日＋/89768346":{"color":[{"time":0,"color":"ffffff13"},{"time":0.0333,"color":"ffffff00","curve":"stepped"},{"time":0.3333,"color":"ffffff00","curve":"stepped"},{"time":0.6,"color":"ffffff00"},{"time":0.9333,"color":"ffffffc1"},{"time":1.2,"color":"ffffff26"}]},"切图/财神到1月22日＋/89768347":{"color":[{"time":0,"color":"ffffff00","curve":"stepped"},{"time":0.2667,"color":"ffffff00"},{"time":0.6,"color":"ffffffc1"},{"time":0.9333,"color":"ffffff00"}]},"切图/财神到1月22日＋/89768348":{"color":[{"time":0,"color":"ffffffad"},{"time":0.0333,"color":"ffffffc1"},{"time":0.3667,"color":"ffffff00","curve":"stepped"},{"time":0.6667,"color":"ffffff00","curve":"stepped"},{"time":0.9333,"color":"ffffff00"},{"time":1.2,"color":"ffffff9a"}]},"切图/财神到1月22日＋/89768349":{"color":[{"time":0,"color":"ffffff13"},{"time":0.0333,"color":"ffffff00","curve":"stepped"},{"time":0.3333,"color":"ffffff00","curve":"stepped"},{"time":0.6,"color":"ffffff00"},{"time":0.9333,"color":"ffffffc1"},{"time":1.2,"color":"ffffff26"}]}},"bones":{"财神身体":{"scale":[{"time":0,"x":1,"y":1},{"time":0.2,"x":1,"y":0.98},{"time":0.4,"x":1,"y":1},{"time":0.6,"x":1,"y":0.98},{"time":0.8,"x":1,"y":1},{"time":1,"x":1,"y":0.98},{"time":1.2,"x":1,"y":1}]},"财神头":{"translate":[{"time":0,"x":0,"y":0},{"time":0.2,"x":0,"y":-1.77},{"time":0.4,"x":0,"y":0},{"time":0.6,"x":0,"y":-1.77},{"time":0.8,"x":0,"y":0},{"time":1,"x":0,"y":-1.77},{"time":1.2,"x":0,"y":0}]},"财神头冠":{"rotate":[{"time":0,"angle":-2},{"time":0.1667,"angle":0,"curve":"stepped"},{"time":0.2,"angle":0},{"time":0.4,"angle":-2.4},{"time":0.5667,"angle":0,"curve":"stepped"},{"time":0.6,"angle":0},{"time":0.8,"angle":-2.4},{"time":0.9667,"angle":0,"curve":"stepped"},{"time":1,"angle":0},{"time":1.2,"angle":-2.4}]},"财神头冠2":{"rotate":[{"time":0,"angle":2},{"time":0.1667,"angle":0,"curve":"stepped"},{"time":0.2,"angle":0},{"time":0.4,"angle":2.4},{"time":0.5667,"angle":0,"curve":"stepped"},{"time":0.6,"angle":0},{"time":0.8,"angle":2.4},{"time":0.9667,"angle":0,"curve":"stepped"},{"time":1,"angle":0},{"time":1.2,"angle":2.4}]},"红包1":{"rotate":[{"time":0,"angle":0},{"time":0.6667,"angle":-2.4},{"time":1.2,"angle":0}],"translate":[{"time":0,"x":0,"y":0},{"time":0.6667,"x":2.09,"y":1.92},{"time":1.2,"x":0,"y":0}]},"红包2":{"translate":[{"time":0,"x":1.45,"y":-1.45},{"time":0.4333,"x":0,"y":0,"curve":"stepped"},{"time":0.4667,"x":0,"y":0},{"time":1.0667,"x":2,"y":-2},{"time":1.2,"x":1.56,"y":-1.56}]},"乱飞小钱2":{"rotate":[{"time":0,"angle":0},{"time":0.6,"angle":179},{"time":1.2,"angle":-10}],"translate":[{"time":0,"x":0,"y":0,"curve":[0.219,0.27,0.616,1]},{"time":0.6,"x":0,"y":60.46,"curve":[0.517,-0.01,0.719,0.73]},{"time":1.2,"x":0,"y":0}]},"乱飞小钱3":{"rotate":[{"time":0,"angle":95.5},{"time":0.3,"angle":10},{"time":0.3333,"angle":0},{"time":0.9333,"angle":-179},{"time":1.2,"angle":105}],"translate":[{"time":0,"x":-0.23,"y":55.74,"curve":[0.365,0.36,0.659,0.78]},{"time":0.3,"x":0,"y":0,"curve":"stepped"},{"time":0.3333,"x":0,"y":0,"curve":[0.219,0.27,0.616,1]},{"time":0.9333,"x":-0.32,"y":78.9,"curve":[0.428,-0.01,0.74,0.43]},{"time":1.2,"x":-0.25,"y":61.59}]},"乱飞小钱5":{"rotate":[{"time":0,"angle":0},{"time":0.6,"angle":-179},{"time":1.2,"angle":10}],"translate":[{"time":0,"x":0,"y":0,"curve":[0.219,0.27,0.616,1]},{"time":0.6,"x":0.04,"y":58.25,"curve":[0.517,-0.01,0.719,0.73]},{"time":1.2,"x":0,"y":0}]},"乱飞小钱6":{"rotate":[{"time":0,"angle":-169.06},{"time":0.0333,"angle":-179},{"time":0.6333,"angle":10},{"time":0.6667,"angle":0},{"time":1.2,"angle":-159.11}],"translate":[{"time":0,"x":0.04,"y":57.95,"curve":[0.334,0.66,0.667,1]},{"time":0.0333,"x":0.04,"y":58.25,"curve":[0.517,-0.01,0.719,0.73]},{"time":0.6333,"x":0,"y":0,"curve":"stepped"},{"time":0.6667,"x":0,"y":0,"curve":[0.223,0.25,0.608,0.87]},{"time":1.2,"x":0.04,"y":57.09}]},"钱币和光5":{"rotate":[{"time":0,"angle":0,"curve":"stepped"},{"time":1.2,"angle":0}],"translate":[{"time":0,"x":0,"y":0,"curve":"stepped"},{"time":1.2,"x":0,"y":0}],"scale":[{"time":0,"x":1,"y":1,"curve":"stepped"},{"time":1.2,"x":1,"y":1}]},"乱飞小钱4":{"rotate":[{"time":0,"angle":-94.35},{"time":0.3,"angle":-5.1},{"time":0.3333,"angle":0},{"time":0.9333,"angle":176.4},{"time":1.2,"angle":-104.27}],"translate":[{"time":0,"x":0,"y":71.26,"curve":[0.353,0.34,0.628,0.74]},{"time":0.3,"x":0,"y":0,"curve":"stepped"},{"time":0.3333,"x":0,"y":0,"curve":[0.147,0.23,0.601,1]},{"time":0.9333,"x":0,"y":98,"curve":[0.451,0,0.754,0.43]},{"time":1.2,"x":0,"y":78.48}],"scale":[{"time":0,"x":1,"y":1,"curve":"stepped"},{"time":1.2,"x":1,"y":1}]}}}}}