{"skeleton":{"hash":"CVULX+SPNf+2ddFQ17cVjJv+hkE","spine":"3.6.53","width":514.24,"height":512.56,"images":"./spine图素/"},"bones":[{"name":"root"},{"name":"流光","parent":"root","x":2.8,"y":-1.68},{"name":"闪光","parent":"root"}],"slots":[{"name":"通用底","bone":"root","attachment":"通用底"},{"name":"红黑大战0","bone":"root","attachment":"红黑大战0"},{"name":"房间游戏名-红黑大战","bone":"root","attachment":"房间游戏名-红黑大战"},{"name":"流光_T00001","bone":"流光","attachment":"流光_T00012","blend":"additive"},{"name":"闪光_T00005","bone":"闪光","attachment":"闪光_T00017","blend":"additive"}],"skins":{"default":{"房间游戏名-红黑大战":{"房间游戏名-红黑大战":{"x":-0.81,"y":-67.95,"width":229,"height":77}},"流光_T00001":{"流光_T00001":{"width":512,"height":512},"流光_T00002":{"width":512,"height":512},"流光_T00003":{"width":512,"height":512},"流光_T00004":{"width":512,"height":512},"流光_T00005":{"width":512,"height":512},"流光_T00006":{"width":512,"height":512},"流光_T00007":{"width":512,"height":512},"流光_T00008":{"width":512,"height":512},"流光_T00009":{"width":512,"height":512},"流光_T00010":{"width":512,"height":512},"流光_T00011":{"width":512,"height":512},"流光_T00012":{"width":512,"height":512}},"红黑大战0":{"红黑大战0":{"x":1.08,"y":28.13,"width":219,"height":160}},"通用底":{"通用底":{"x":-1.05,"y":-18.8,"width":201,"height":125}},"闪光_T00005":{"闪光_T00005":{"width":512,"height":512},"闪光_T00006":{"width":512,"height":512},"闪光_T00007":{"width":512,"height":512},"闪光_T00008":{"width":512,"height":512},"闪光_T00009":{"width":512,"height":512},"闪光_T00010":{"width":512,"height":512},"闪光_T00011":{"width":512,"height":512},"闪光_T00012":{"width":512,"height":512},"闪光_T00013":{"width":512,"height":512},"闪光_T00014":{"width":512,"height":512},"闪光_T00015":{"width":512,"height":512},"闪光_T00016":{"width":512,"height":512},"闪光_T00017":{"x":5.03,"y":-1.12,"width":512,"height":512}}}},"animations":{"animation":{"slots":{"房间游戏名-红黑大战":{"attachment":[{"time":0,"name":"房间游戏名-红黑大战"},{"time":1.3333,"name":"房间游戏名-红黑大战"}]},"流光_T00001":{"attachment":[{"time":0,"name":"流光_T00012"},{"time":0.0333,"name":"流光_T00001"},{"time":0.0667,"name":"流光_T00002"},{"time":0.1,"name":"流光_T00003"},{"time":0.1333,"name":"流光_T00004"},{"time":0.1667,"name":"流光_T00005"},{"time":0.2,"name":"流光_T00006"},{"time":0.2333,"name":"流光_T00007"},{"time":0.2667,"name":"流光_T00008"},{"time":0.3,"name":"流光_T00009"},{"time":0.3333,"name":"流光_T00010"},{"time":0.3667,"name":"流光_T00011"},{"time":0.4,"name":"流光_T00012"},{"time":0.4333,"name":null},{"time":1.3333,"name":"流光_T00012"}]},"红黑大战0":{"attachment":[{"time":0,"name":"红黑大战0"},{"time":1.3333,"name":"红黑大战0"}]},"通用底":{"attachment":[{"time":0,"name":"通用底"},{"time":1.3333,"name":"通用底"}]},"闪光_T00005":{"attachment":[{"time":0,"name":"闪光_T00017"},{"time":0.1,"name":"闪光_T00017"},{"time":0.1333,"name":"闪光_T00005"},{"time":0.1667,"name":"闪光_T00006"},{"time":0.2,"name":"闪光_T00007"},{"time":0.2333,"name":"闪光_T00008"},{"time":0.2667,"name":"闪光_T00009"},{"time":0.3,"name":"闪光_T00010"},{"time":0.3333,"name":"闪光_T00011"},{"time":0.3667,"name":"闪光_T00012"},{"time":0.4,"name":"闪光_T00013"},{"time":0.4333,"name":"闪光_T00014"},{"time":0.4667,"name":"闪光_T00015"},{"time":0.5,"name":"闪光_T00016"},{"time":0.5333,"name":"闪光_T00017"},{"time":0.5667,"name":null},{"time":1.3333,"name":"闪光_T00017"}]}},"bones":{"流光":{"rotate":[{"time":0,"angle":0,"curve":"stepped"},{"time":0.0333,"angle":0,"curve":"stepped"},{"time":0.0667,"angle":0,"curve":"stepped"},{"time":0.1,"angle":0,"curve":"stepped"},{"time":0.1333,"angle":0,"curve":"stepped"},{"time":0.1667,"angle":0,"curve":"stepped"},{"time":0.2,"angle":0,"curve":"stepped"},{"time":0.2333,"angle":0,"curve":"stepped"},{"time":0.2667,"angle":0,"curve":"stepped"},{"time":0.3,"angle":0,"curve":"stepped"},{"time":0.3333,"angle":0,"curve":"stepped"},{"time":0.3667,"angle":0,"curve":"stepped"},{"time":0.4,"angle":0,"curve":"stepped"},{"time":0.4333,"angle":0,"curve":"stepped"},{"time":1.3333,"angle":0}],"translate":[{"time":0,"x":0,"y":0,"curve":"stepped"},{"time":0.0333,"x":0,"y":0,"curve":"stepped"},{"time":0.0667,"x":0,"y":0,"curve":"stepped"},{"time":0.1,"x":0,"y":0,"curve":"stepped"},{"time":0.1333,"x":0,"y":0,"curve":"stepped"},{"time":0.1667,"x":0,"y":0,"curve":"stepped"},{"time":0.2,"x":0,"y":0,"curve":"stepped"},{"time":0.2333,"x":0,"y":0,"curve":"stepped"},{"time":0.2667,"x":0,"y":0,"curve":"stepped"},{"time":0.3,"x":0,"y":0,"curve":"stepped"},{"time":0.3333,"x":0,"y":0,"curve":"stepped"},{"time":0.3667,"x":0,"y":0,"curve":"stepped"},{"time":0.4,"x":0,"y":0,"curve":"stepped"},{"time":0.4333,"x":0,"y":0,"curve":"stepped"},{"time":1.3333,"x":0,"y":0}],"scale":[{"time":0,"x":1,"y":1,"curve":"stepped"},{"time":0.0333,"x":1,"y":1,"curve":"stepped"},{"time":0.0667,"x":1,"y":1,"curve":"stepped"},{"time":0.1,"x":1,"y":1,"curve":"stepped"},{"time":0.1333,"x":1,"y":1,"curve":"stepped"},{"time":0.1667,"x":1,"y":1,"curve":"stepped"},{"time":0.2,"x":1,"y":1,"curve":"stepped"},{"time":0.2333,"x":1,"y":1,"curve":"stepped"},{"time":0.2667,"x":1,"y":1,"curve":"stepped"},{"time":0.3,"x":1,"y":1,"curve":"stepped"},{"time":0.3333,"x":1,"y":1,"curve":"stepped"},{"time":0.3667,"x":1,"y":1,"curve":"stepped"},{"time":0.4,"x":1,"y":1,"curve":"stepped"},{"time":0.4333,"x":1,"y":1,"curve":"stepped"},{"time":1.3333,"x":1,"y":1}],"shear":[{"time":0,"x":0,"y":0,"curve":"stepped"},{"time":0.0333,"x":0,"y":0,"curve":"stepped"},{"time":0.0667,"x":0,"y":0,"curve":"stepped"},{"time":0.1,"x":0,"y":0,"curve":"stepped"},{"time":0.1333,"x":0,"y":0,"curve":"stepped"},{"time":0.1667,"x":0,"y":0,"curve":"stepped"},{"time":0.2,"x":0,"y":0,"curve":"stepped"},{"time":0.2333,"x":0,"y":0,"curve":"stepped"},{"time":0.2667,"x":0,"y":0,"curve":"stepped"},{"time":0.3,"x":0,"y":0,"curve":"stepped"},{"time":0.3333,"x":0,"y":0,"curve":"stepped"},{"time":0.3667,"x":0,"y":0,"curve":"stepped"},{"time":0.4,"x":0,"y":0,"curve":"stepped"},{"time":0.4333,"x":0,"y":0,"curve":"stepped"},{"time":1.3333,"x":0,"y":0}]},"闪光":{"rotate":[{"time":0,"angle":0,"curve":"stepped"},{"time":0.1,"angle":0,"curve":"stepped"},{"time":0.1333,"angle":0,"curve":"stepped"},{"time":0.1667,"angle":0,"curve":"stepped"},{"time":0.2,"angle":0,"curve":"stepped"},{"time":0.2333,"angle":0,"curve":"stepped"},{"time":0.2667,"angle":0,"curve":"stepped"},{"time":0.3,"angle":0,"curve":"stepped"},{"time":0.3333,"angle":0,"curve":"stepped"},{"time":0.3667,"angle":0,"curve":"stepped"},{"time":0.4,"angle":0,"curve":"stepped"},{"time":0.4333,"angle":0,"curve":"stepped"},{"time":0.4667,"angle":0,"curve":"stepped"},{"time":0.5,"angle":0,"curve":"stepped"},{"time":0.5333,"angle":0,"curve":"stepped"},{"time":0.5667,"angle":0,"curve":"stepped"},{"time":1.3333,"angle":0}],"translate":[{"time":0,"x":0,"y":0,"curve":"stepped"},{"time":0.1,"x":0,"y":0,"curve":"stepped"},{"time":0.1333,"x":0,"y":0,"curve":"stepped"},{"time":0.1667,"x":0,"y":0,"curve":"stepped"},{"time":0.2,"x":0,"y":0,"curve":"stepped"},{"time":0.2333,"x":0,"y":0,"curve":"stepped"},{"time":0.2667,"x":0,"y":0,"curve":"stepped"},{"time":0.3,"x":0,"y":0,"curve":"stepped"},{"time":0.3333,"x":0,"y":0,"curve":"stepped"},{"time":0.3667,"x":0,"y":0,"curve":"stepped"},{"time":0.4,"x":0,"y":0,"curve":"stepped"},{"time":0.4333,"x":0,"y":0,"curve":"stepped"},{"time":0.4667,"x":0,"y":0,"curve":"stepped"},{"time":0.5,"x":0,"y":0,"curve":"stepped"},{"time":0.5333,"x":0,"y":0,"curve":"stepped"},{"time":0.5667,"x":0,"y":0,"curve":"stepped"},{"time":1.3333,"x":0,"y":0}],"scale":[{"time":0,"x":1,"y":1,"curve":"stepped"},{"time":0.1,"x":1,"y":1,"curve":"stepped"},{"time":0.1333,"x":1,"y":1,"curve":"stepped"},{"time":0.1667,"x":1,"y":1,"curve":"stepped"},{"time":0.2,"x":1,"y":1,"curve":"stepped"},{"time":0.2333,"x":1,"y":1,"curve":"stepped"},{"time":0.2667,"x":1,"y":1,"curve":"stepped"},{"time":0.3,"x":1,"y":1,"curve":"stepped"},{"time":0.3333,"x":1,"y":1,"curve":"stepped"},{"time":0.3667,"x":1,"y":1,"curve":"stepped"},{"time":0.4,"x":1,"y":1,"curve":"stepped"},{"time":0.4333,"x":1,"y":1,"curve":"stepped"},{"time":0.4667,"x":1,"y":1,"curve":"stepped"},{"time":0.5,"x":1,"y":1,"curve":"stepped"},{"time":0.5333,"x":1,"y":1,"curve":"stepped"},{"time":0.5667,"x":1,"y":1,"curve":"stepped"},{"time":1.3333,"x":1,"y":1}],"shear":[{"time":0,"x":0,"y":0,"curve":"stepped"},{"time":0.1,"x":0,"y":0,"curve":"stepped"},{"time":0.1333,"x":0,"y":0,"curve":"stepped"},{"time":0.1667,"x":0,"y":0,"curve":"stepped"},{"time":0.2,"x":0,"y":0,"curve":"stepped"},{"time":0.2333,"x":0,"y":0,"curve":"stepped"},{"time":0.2667,"x":0,"y":0,"curve":"stepped"},{"time":0.3,"x":0,"y":0,"curve":"stepped"},{"time":0.3333,"x":0,"y":0,"curve":"stepped"},{"time":0.3667,"x":0,"y":0,"curve":"stepped"},{"time":0.4,"x":0,"y":0,"curve":"stepped"},{"time":0.4333,"x":0,"y":0,"curve":"stepped"},{"time":0.4667,"x":0,"y":0,"curve":"stepped"},{"time":0.5,"x":0,"y":0,"curve":"stepped"},{"time":0.5333,"x":0,"y":0,"curve":"stepped"},{"time":0.5667,"x":0,"y":0,"curve":"stepped"},{"time":1.3333,"x":0,"y":0}]},"root":{"rotate":[{"time":0,"angle":0,"curve":"stepped"},{"time":1.3333,"angle":0}],"translate":[{"time":0,"x":0,"y":0,"curve":"stepped"},{"time":1.3333,"x":0,"y":0}],"scale":[{"time":0,"x":1,"y":1,"curve":"stepped"},{"time":1.3333,"x":1,"y":1}],"shear":[{"time":0,"x":0,"y":0,"curve":"stepped"},{"time":1.3333,"x":0,"y":0}]}}}}}