{"skeleton":{"hash":"i4GhYRoG1P4jGlqHs3FG6pyNVTQ","spine":"3.6.53","width":513.44,"height":515.72,"images":"./spine图素/"},"bones":[{"name":"root"},{"name":"流光","parent":"root","x":1.44,"y":1.89},{"name":"闪光","parent":"root"}],"slots":[{"name":"7","bone":"root","attachment":"7"},{"name":"加勒比海盗0","bone":"root","attachment":"加勒比海盗0"},{"name":"加勒比镜头","bone":"root","attachment":"加勒比镜头"},{"name":"闪光_T00001","bone":"闪光","attachment":"闪光_T00025","blend":"additive"},{"name":"流光_T00001","bone":"流光","attachment":"流光_T00011","blend":"additive"},{"name":"名称","bone":"root","attachment":"房间游戏名-加勒比梭哈"}],"skins":{"default":{"7":{"7":{"width":235,"height":215}},"加勒比海盗0":{"加勒比海盗0":{"x":0.16,"y":12.65,"width":233,"height":190}},"加勒比镜头":{"加勒比镜头":{"x":0.28,"y":12.8,"width":233,"height":190}},"名称":{"房间游戏名-加勒比梭哈":{"x":-1.15,"y":-69.02,"width":229,"height":77}},"流光_T00001":{"流光_T00001":{"width":512,"height":512},"流光_T00002":{"width":512,"height":512},"流光_T00003":{"width":512,"height":512},"流光_T00004":{"width":512,"height":512},"流光_T00005":{"width":512,"height":512},"流光_T00006":{"width":512,"height":512},"流光_T00007":{"width":512,"height":512},"流光_T00008":{"width":512,"height":512},"流光_T00009":{"width":512,"height":512},"流光_T00010":{"width":512,"height":512},"流光_T00011":{"y":1.83,"width":512,"height":512}},"闪光_T00001":{"闪光_T00001":{"width":512,"height":512},"闪光_T00002":{"width":512,"height":512},"闪光_T00003":{"width":512,"height":512},"闪光_T00004":{"width":512,"height":512},"闪光_T00005":{"width":512,"height":512},"闪光_T00006":{"width":512,"height":512},"闪光_T00007":{"width":512,"height":512},"闪光_T00008":{"width":512,"height":512},"闪光_T00009":{"width":512,"height":512},"闪光_T00010":{"width":512,"height":512},"闪光_T00011":{"width":512,"height":512},"闪光_T00012":{"width":512,"height":512},"闪光_T00013":{"width":512,"height":512},"闪光_T00014":{"width":512,"height":512},"闪光_T00015":{"width":512,"height":512},"闪光_T00016":{"width":512,"height":512},"闪光_T00017":{"width":512,"height":512},"闪光_T00018":{"width":512,"height":512},"闪光_T00019":{"width":512,"height":512},"闪光_T00020":{"width":512,"height":512},"闪光_T00021":{"width":512,"height":512},"闪光_T00022":{"width":512,"height":512},"闪光_T00023":{"width":512,"height":512},"闪光_T00024":{"width":512,"height":512},"闪光_T00025":{"width":512,"height":512}}}},"animations":{"animation":{"slots":{"流光_T00001":{"attachment":[{"time":0,"name":"流光_T00011"},{"time":0.0667,"name":"流光_T00001"},{"time":0.1,"name":"流光_T00002"},{"time":0.1667,"name":"流光_T00003"},{"time":0.2,"name":"流光_T00004"},{"time":0.2667,"name":"流光_T00005"},{"time":0.3,"name":"流光_T00006"},{"time":0.3667,"name":"流光_T00007"},{"time":0.4,"name":"流光_T00008"},{"time":0.4333,"name":"流光_T00009"},{"time":0.4667,"name":"流光_T00010"},{"time":0.5,"name":"流光_T00011"},{"time":0.5333,"name":null},{"time":0.6,"name":null},{"time":1.7333,"name":null}]},"闪光_T00001":{"attachment":[{"time":0.0667,"name":"闪光_T00001"},{"time":0.1333,"name":"闪光_T00002"},{"time":0.2,"name":"闪光_T00003"},{"time":0.2667,"name":"闪光_T00004"},{"time":0.3333,"name":"闪光_T00005"},{"time":0.4,"name":"闪光_T00006"},{"time":0.4667,"name":"闪光_T00007"},{"time":0.5333,"name":"闪光_T00008"},{"time":0.6,"name":"闪光_T00009"},{"time":0.6667,"name":"闪光_T00010"},{"time":0.7333,"name":"闪光_T00011"},{"time":0.8,"name":"闪光_T00012"},{"time":0.8667,"name":"闪光_T00013"},{"time":0.9333,"name":"闪光_T00014"},{"time":1,"name":"闪光_T00015"},{"time":1.0667,"name":"闪光_T00016"},{"time":1.1333,"name":"闪光_T00017"},{"time":1.2,"name":"闪光_T00018"},{"time":1.2667,"name":"闪光_T00019"},{"time":1.3333,"name":"闪光_T00020"},{"time":1.4,"name":"闪光_T00021"},{"time":1.4667,"name":"闪光_T00022"},{"time":1.5333,"name":"闪光_T00023"},{"time":1.6,"name":"闪光_T00024"},{"time":1.6667,"name":"闪光_T00025"},{"time":1.7333,"name":null}]}},"bones":{"流光":{"rotate":[{"time":0,"angle":0,"curve":"stepped"},{"time":0.0667,"angle":0,"curve":"stepped"},{"time":0.1,"angle":0,"curve":"stepped"},{"time":0.1667,"angle":0,"curve":"stepped"},{"time":0.2,"angle":0,"curve":"stepped"},{"time":0.2667,"angle":0,"curve":"stepped"},{"time":0.3,"angle":0,"curve":"stepped"},{"time":0.3667,"angle":0,"curve":"stepped"},{"time":0.4,"angle":0,"curve":"stepped"},{"time":0.4333,"angle":0,"curve":"stepped"},{"time":0.4667,"angle":0,"curve":"stepped"},{"time":0.5,"angle":0,"curve":"stepped"},{"time":0.5333,"angle":0,"curve":"stepped"},{"time":0.6,"angle":0,"curve":"stepped"},{"time":1.7333,"angle":0}],"translate":[{"time":0,"x":0,"y":0,"curve":"stepped"},{"time":0.0667,"x":0,"y":0,"curve":"stepped"},{"time":0.1,"x":0,"y":0,"curve":"stepped"},{"time":0.1667,"x":0,"y":0,"curve":"stepped"},{"time":0.2,"x":0,"y":0,"curve":"stepped"},{"time":0.2667,"x":0,"y":0,"curve":"stepped"},{"time":0.3,"x":0,"y":0,"curve":"stepped"},{"time":0.3667,"x":0,"y":0,"curve":"stepped"},{"time":0.4,"x":0,"y":0,"curve":"stepped"},{"time":0.4333,"x":0,"y":0,"curve":"stepped"},{"time":0.4667,"x":0,"y":0,"curve":"stepped"},{"time":0.5,"x":0,"y":0,"curve":"stepped"},{"time":0.5333,"x":0,"y":0,"curve":"stepped"},{"time":0.6,"x":0,"y":0,"curve":"stepped"},{"time":1.7333,"x":0,"y":0}],"scale":[{"time":0,"x":1,"y":1,"curve":"stepped"},{"time":0.0667,"x":1,"y":1,"curve":"stepped"},{"time":0.1,"x":1,"y":1,"curve":"stepped"},{"time":0.1667,"x":1,"y":1,"curve":"stepped"},{"time":0.2,"x":1,"y":1,"curve":"stepped"},{"time":0.2667,"x":1,"y":1,"curve":"stepped"},{"time":0.3,"x":1,"y":1,"curve":"stepped"},{"time":0.3667,"x":1,"y":1,"curve":"stepped"},{"time":0.4,"x":1,"y":1,"curve":"stepped"},{"time":0.4333,"x":1,"y":1,"curve":"stepped"},{"time":0.4667,"x":1,"y":1,"curve":"stepped"},{"time":0.5,"x":1,"y":1,"curve":"stepped"},{"time":0.5333,"x":1,"y":1,"curve":"stepped"},{"time":0.6,"x":1,"y":1,"curve":"stepped"},{"time":1.7333,"x":1,"y":1}],"shear":[{"time":0,"x":0,"y":0,"curve":"stepped"},{"time":0.0667,"x":0,"y":0,"curve":"stepped"},{"time":0.1,"x":0,"y":0,"curve":"stepped"},{"time":0.1667,"x":0,"y":0,"curve":"stepped"},{"time":0.2,"x":0,"y":0,"curve":"stepped"},{"time":0.2667,"x":0,"y":0,"curve":"stepped"},{"time":0.3,"x":0,"y":0,"curve":"stepped"},{"time":0.3667,"x":0,"y":0,"curve":"stepped"},{"time":0.4,"x":0,"y":0,"curve":"stepped"},{"time":0.4333,"x":0,"y":0,"curve":"stepped"},{"time":0.4667,"x":0,"y":0,"curve":"stepped"},{"time":0.5,"x":0,"y":0,"curve":"stepped"},{"time":0.5333,"x":0,"y":0,"curve":"stepped"},{"time":0.6,"x":0,"y":0,"curve":"stepped"},{"time":1.7333,"x":0,"y":0}]},"闪光":{"rotate":[{"time":0,"angle":0,"curve":"stepped"},{"time":0.0667,"angle":0,"curve":"stepped"},{"time":0.1333,"angle":0,"curve":"stepped"},{"time":0.2,"angle":0,"curve":"stepped"},{"time":0.2667,"angle":0,"curve":"stepped"},{"time":0.3333,"angle":0,"curve":"stepped"},{"time":0.4,"angle":0,"curve":"stepped"},{"time":0.4667,"angle":0,"curve":"stepped"},{"time":0.5333,"angle":0,"curve":"stepped"},{"time":0.6,"angle":0,"curve":"stepped"},{"time":0.6667,"angle":0,"curve":"stepped"},{"time":0.7333,"angle":0,"curve":"stepped"},{"time":0.8,"angle":0,"curve":"stepped"},{"time":0.8667,"angle":0,"curve":"stepped"},{"time":0.9333,"angle":0,"curve":"stepped"},{"time":1,"angle":0,"curve":"stepped"},{"time":1.0667,"angle":0,"curve":"stepped"},{"time":1.1333,"angle":0,"curve":"stepped"},{"time":1.2,"angle":0,"curve":"stepped"},{"time":1.2667,"angle":0,"curve":"stepped"},{"time":1.3333,"angle":0,"curve":"stepped"},{"time":1.4,"angle":0,"curve":"stepped"},{"time":1.4667,"angle":0,"curve":"stepped"},{"time":1.5333,"angle":0,"curve":"stepped"},{"time":1.6,"angle":0,"curve":"stepped"},{"time":1.6667,"angle":0,"curve":"stepped"},{"time":1.7333,"angle":0}],"translate":[{"time":0,"x":0,"y":0,"curve":"stepped"},{"time":0.0667,"x":0,"y":0,"curve":"stepped"},{"time":0.1333,"x":0,"y":0,"curve":"stepped"},{"time":0.2,"x":0,"y":0,"curve":"stepped"},{"time":0.2667,"x":0,"y":0,"curve":"stepped"},{"time":0.3333,"x":0,"y":0,"curve":"stepped"},{"time":0.4,"x":0,"y":0,"curve":"stepped"},{"time":0.4667,"x":0,"y":0,"curve":"stepped"},{"time":0.5333,"x":0,"y":0,"curve":"stepped"},{"time":0.6,"x":0,"y":0,"curve":"stepped"},{"time":0.6667,"x":0,"y":0,"curve":"stepped"},{"time":0.7333,"x":0,"y":0,"curve":"stepped"},{"time":0.8,"x":0,"y":0,"curve":"stepped"},{"time":0.8667,"x":0,"y":0,"curve":"stepped"},{"time":0.9333,"x":0,"y":0,"curve":"stepped"},{"time":1,"x":0,"y":0,"curve":"stepped"},{"time":1.0667,"x":0,"y":0,"curve":"stepped"},{"time":1.1333,"x":0,"y":0,"curve":"stepped"},{"time":1.2,"x":0,"y":0,"curve":"stepped"},{"time":1.2667,"x":0,"y":0,"curve":"stepped"},{"time":1.3333,"x":0,"y":0,"curve":"stepped"},{"time":1.4,"x":0,"y":0,"curve":"stepped"},{"time":1.4667,"x":0,"y":0,"curve":"stepped"},{"time":1.5333,"x":0,"y":0,"curve":"stepped"},{"time":1.6,"x":0,"y":0,"curve":"stepped"},{"time":1.6667,"x":0,"y":0,"curve":"stepped"},{"time":1.7333,"x":0,"y":0}],"scale":[{"time":0,"x":1,"y":1,"curve":"stepped"},{"time":0.0667,"x":1,"y":1,"curve":"stepped"},{"time":0.1333,"x":1,"y":1,"curve":"stepped"},{"time":0.2,"x":1,"y":1,"curve":"stepped"},{"time":0.2667,"x":1,"y":1,"curve":"stepped"},{"time":0.3333,"x":1,"y":1,"curve":"stepped"},{"time":0.4,"x":1,"y":1,"curve":"stepped"},{"time":0.4667,"x":1,"y":1,"curve":"stepped"},{"time":0.5333,"x":1,"y":1,"curve":"stepped"},{"time":0.6,"x":1,"y":1,"curve":"stepped"},{"time":0.6667,"x":1,"y":1,"curve":"stepped"},{"time":0.7333,"x":1,"y":1,"curve":"stepped"},{"time":0.8,"x":1,"y":1,"curve":"stepped"},{"time":0.8667,"x":1,"y":1,"curve":"stepped"},{"time":0.9333,"x":1,"y":1,"curve":"stepped"},{"time":1,"x":1,"y":1,"curve":"stepped"},{"time":1.0667,"x":1,"y":1,"curve":"stepped"},{"time":1.1333,"x":1,"y":1,"curve":"stepped"},{"time":1.2,"x":1,"y":1,"curve":"stepped"},{"time":1.2667,"x":1,"y":1,"curve":"stepped"},{"time":1.3333,"x":1,"y":1,"curve":"stepped"},{"time":1.4,"x":1,"y":1,"curve":"stepped"},{"time":1.4667,"x":1,"y":1,"curve":"stepped"},{"time":1.5333,"x":1,"y":1,"curve":"stepped"},{"time":1.6,"x":1,"y":1,"curve":"stepped"},{"time":1.6667,"x":1,"y":1,"curve":"stepped"},{"time":1.7333,"x":1,"y":1}],"shear":[{"time":0,"x":0,"y":0,"curve":"stepped"},{"time":0.0667,"x":0,"y":0,"curve":"stepped"},{"time":0.1333,"x":0,"y":0,"curve":"stepped"},{"time":0.2,"x":0,"y":0,"curve":"stepped"},{"time":0.2667,"x":0,"y":0,"curve":"stepped"},{"time":0.3333,"x":0,"y":0,"curve":"stepped"},{"time":0.4,"x":0,"y":0,"curve":"stepped"},{"time":0.4667,"x":0,"y":0,"curve":"stepped"},{"time":0.5333,"x":0,"y":0,"curve":"stepped"},{"time":0.6,"x":0,"y":0,"curve":"stepped"},{"time":0.6667,"x":0,"y":0,"curve":"stepped"},{"time":0.7333,"x":0,"y":0,"curve":"stepped"},{"time":0.8,"x":0,"y":0,"curve":"stepped"},{"time":0.8667,"x":0,"y":0,"curve":"stepped"},{"time":0.9333,"x":0,"y":0,"curve":"stepped"},{"time":1,"x":0,"y":0,"curve":"stepped"},{"time":1.0667,"x":0,"y":0,"curve":"stepped"},{"time":1.1333,"x":0,"y":0,"curve":"stepped"},{"time":1.2,"x":0,"y":0,"curve":"stepped"},{"time":1.2667,"x":0,"y":0,"curve":"stepped"},{"time":1.3333,"x":0,"y":0,"curve":"stepped"},{"time":1.4,"x":0,"y":0,"curve":"stepped"},{"time":1.4667,"x":0,"y":0,"curve":"stepped"},{"time":1.5333,"x":0,"y":0,"curve":"stepped"},{"time":1.6,"x":0,"y":0,"curve":"stepped"},{"time":1.6667,"x":0,"y":0,"curve":"stepped"},{"time":1.7333,"x":0,"y":0}]}}}}}