{
    "pos":{ "x":0, "y":0 },
    "bAutoShowInLobby":true,
    "size":{
        "desc":"大背景尺寸",
        "w":1334,
        "h":750
    },
    "bg":{
        "desc":"对话框大背景",
        "src":"./assets/ui/dialog/img_touxiang_dadi.png",
        "pos":{ "x":139.5, "y":53 }
    },
    "bgbig":{
        "desc":"整体大背景",
        "src":"./assets/ui/notice/bgBig.png",
        "pos":{ "x":170, "y":195 }
    },
    "contentbg":{
        "desc":"公告内容背景",
        "src":"./assets/ui/notice/bgContent.png",
        "pos":{ "x":423, "y":205 }
    },
    "fu":{
        "desc":"新春标记、福字",
        "left":{
            "src":"./assets/ui/notice/fu_00.png",
            "pos":{ "x":80, "y":48 }
        },
        "right":{
            "src":"./assets/ui/notice/fu_01.png",
            "pos":{ "x":988, "y":48 }
        }
    },
    "mask":{
        "desc":"大背景半透明度",
        "alpha":0.6
    },
    "title":{
        "lb":{
            "desc":"标题显示的文字",
            "src":"./assets/ui/notice/lbTitle.png",
            "pos":{ "x":580, "y":76 }
        }
    },
    "close":{
        "desc":"关闭按钮",
        "pos":{ "x":1167, "y":84 },
        "src":[
            "./assets/ui/dialog/btn_touxiang_guangbi.png"
        ],
        "size":{ "w":76, "h":77 },
        "sfx":"assets/raw/Click.mp3",
        "maxScale":{ "x":1.05,"y":1.05},
        "normalScale":{ "x":1.0,"y":1.0}
    },
    "touchout":{
        "desc":"是否点按外部触发鼠标事件",
        "value":false
    },
    "tablehead":{
        "desc":"表格标题",
        "bg":{
            "src":"./assets/ui/rule/bgTitle.png",
            "pos":{ "x":180, "y":140 }
        },
        "headlines":{
            "desc":"表头的分隔线",
            "src":"./assets/ui/rule/vlineTitle.png",
            "ws":[
                242,244
            ],
            "wy":140,
            "tips":{
                "desc":"公告tab上的未读数量提示",
                "pos":{ "x":216, "y":2 },
                "defaultNum":0,
                "bg":{
                    "src":"./assets/ui/notice/bgLabel.png",
                    "pos":{"x":0,"y":0}
                },
                "label":{
                    "desc":"内容文本框",
                    "pos":{ "x":0, "y":2 },
                    "size":{ "w":23, "h":23 },
                    "font":{
                        "text":"123",
                        "borderColorX":"#ff0000",
                        "color":"#ffffff",
                        "size":12,
                        "name":"x",
                        "align":"center",
                        "valign":"top",
                        "wrap":false
                    }
                }
            },
            "labels":[
                {
                    "switch":{
                        "desc":"游戏公告",
                        "pos":{ "x":180, "y":140 },
                        "src":[
                            "./assets/ui/notice/btn_yxgg_00.png",
                            "./assets/ui/notice/btn_yxgg_01.png"
                        ],
                        "sfx":"assets/raw/Click.mp3",
                        "size":{"w":240,"h":55}
                    }
                },
                {
                    "switch":{
                        "desc":"活动公告",
                        "pos":{ "x":426, "y":140 },
                        "src":[
                            "./assets/ui/notice/btn_hdgg_00.png",
                            "./assets/ui/notice/btn_hdgg_01.png"
                        ],
                        "sfx":"assets/raw/Click.mp3"
                    }
                }
            ]
        }
    },
    "menulist":{
        "pos":{"x":178,"y":215},
        "bg":{
            "src":"./assets/ui/notice/bgBtns.png",
            "pos":{ "x":180, "y":205 }
        },
        "content":{
            "desc":"公告条目按钮列表",
            "pos":{"x":0,"y":0},
            "size":{ "w":250, "h":430 },
            "colorX":"#ff0000",
            "colorAlpha":0.2
        },
        "btnitem":{
            "pos":{ "x":0, "y":0},
            "lbGameX":{
                "pos":{ "x":0, "y":0},
                "size":{"w":240,"h":40},
                "font":{
                    "text":"0000",
                    "borderColorX":"#ff0000",
                    "color":"#ffffff",
                    "size":22,
                    "name":"x",
                    "align":"center",
                    "valign":"middle",
                    "wrap":false
                },
                "unchoose":{
                    "color":"#bbae7a"
                }
            },
            "lbGameContentX":{
                "pos":{ "x":0, "y":40},
                "size":{"w":240,"h":40},
                "font":{
                    "text":"0000",
                    "borderColorX":"#ff0000",
                    "color":"#ffffff",
                    "size":20,
                    "name":"x",
                    "align":"center",
                    "valign":"top",
                    "wrap":false
                },
                "unchoose":{
                    "color":"#538196"
                }
            },
            "txtTitleContent":{
                "value":"...",
                "pos":{ "x":15, "y":19},
                "size":{"w":210,"h":50},
                "font":{
                    "borderColorX":"#ff0000",
                    "text":"000",
                    "size":20,
                    "color":"#ffffff",
                    "name":"x",
                    "align":"center",
                    "valign":"middle",
                    "wordWrap":true,
                    "overflow2":"hidden",
                    "overflow1":"visible",
                    "overflow3":"scroll",
                    "overflow":"hidden",
                    "leading":4
                },
                "scrollbar":{
                    "desc":"滚动文本框的滚动条配置，待规划后再做"
                },
                "unchoose":{
                    "color":"#bbae7a"
                }
            },
            "switch":{
                "desc":"游戏公告",
                "pos":{ "x":5, "y":0 },
                "src":[
                    "./assets/ui/notice/btn_attention_00.png",
                    "./assets/ui/notice/btn_attention_01.png"
                ],
                "sfx":"assets/raw/Click.mp3",
                "size":{"w":232,"h":86,"gh":2}
            },
            "markNew":{
                "src":"./assets/ui/notice/markNew.png",
                "pos":{"x":215,"y":5}
            }
        },
        "arrow":{
            "pos":{"x":278,"y":645},
            "src":{
                "src":"./assets/ui/notice/arrowBtns.png",
                "pos":{ "x":0, "y":0 }
            },
            "bclick":false,
            "zOrder":9999,
            "right":{
                "pos":{
                    "x":0,
                    "y":2
                },
                "easeName":"backIn",
                "duration":500
            },
            "left":{
                "pos":{
                    "x":0,
                    "y":-2
                },
                "easeName":"backIn",
                "duration":500
            }
        }
    },
    "attention":{
        "pos":{"x":430,"y":200},
        "bgTitle":{
            "src":"./assets/ui/notice/bgNoticeTitle.png",
            "pos":{"x":115,"y":20}
        },
        "lbTitle":{
            "desc":"标题",
            "pos":{ "x":0, "y":32 },
            "size":{ "w":715, "h":30 },
            "font":{
                "text":"",
                "borderColorX":"#ff0000",
                "color":"#efe8cd",
                "size":24,
                "name":"x",
                "align":"center",
                "valign":"top",
                "wrap":false,
                "overflow":"hidden"
            }
        },
        "lbContentX":{
            "desc":"内容,废弃，改用下面的滚动文本域",
            "pos":{ "x":30, "y":70 },
            "size":{ "w":670, "h":300 },
            "font":{
                "text":"",
                "borderColorX":"#ff0000",
                "color":"#9cc5d8",
                "size":24,
                "name":"x",
                "align":"left",
                "valign":"top",
                "wrap":false
            }
        },
        "txtContent":{
            "value":"...",
            "size":{ "w":600, "h":300 },
            "pos":{ "x":65, "y":90 },
            "font":{
                "size":22,
                "color":"#9cc5d8",
                "align":"left",
                "valign":"top",
                "wordWrap":true,
                "overflow2":"hidden",
                "overflow1":"visible",
                "overflow":"scroll",
                "leading":10
            },
            "scrollbar":{
                "desc":"滚动文本框的滚动条配置，待规划后再做"
            }
        },
        "lbAuthor":{
            "desc":"作者",
            "pos":{ "x":65, "y":380 },
            "size":{ "w":600, "h":50 },
            "font":{
                "text":"",
                "borderColorX":"#ff0000",
                "color":"#bbae7a",
                "size":19,
                "name":"x",
                "align":"right",
                "valign":"top",
                "wrap":false
            }
        },
        "img":{
            "pos":{"x":0,"y":0}
        }
    }
}