{
    "pos":{ "x":0, "y":0 },
    "size":{
        "desc":"大背景尺寸,要半透明的",
        "w":1334,
        "h":750
    },
    "mask":{
        "desc":"大背景半透明度",
        "alpha":0.6
    },
    "bg":{
        "desc":"内容背景 纵向拉伸的",
        "src":"./assets/ui/dialog/img_touxiang_dadi.png",
        "pos":{ "x":139.5, "y":53 },
        "pivotX":{ "x":0, "y":0 }
    },
    "title":{
        "lb":{
            "desc":"标题显示的文字",
            "src":"./assets/ui/avatorpad/title.png",
            "pos":{ "x":530, "y":76 }
        }
    },
    "curavator":{
        "desc":"当前头像",
        "bgX":{
            "src":"./assets/ui/avatorpad/bgDialog.png",
            "pos":{"x":160,"y":130}
        },
        "avator":{
            "src":"touxiang/img_touxiang_01.jpg",
            "pos":{ "x":250, "y":200 },
            "size":{ "w":130, "h":130 }
        },
        "iconframe":{
            "src":"./assets/ui/avatorpad/img_touxiang_touxiangkuang.png",
            "pos":{
                "x":244,
                "y":197
            },
            "size":{
                "w":142,
                "h":142
            }
        },
        "id":{
            "bgX":{
                "src":"./assets/ui/header/img_touxiang_wanjiadi_03.png",
                "pos":{ "x":50, "y":380 }
            },
            "label":{
                "font":{
                    "pretext":"",
                    "size":24,
                    "color":"#92c6dd",
                    "align":"center",
                    "valign":"middle",
                    "borderColorX":"#ff0000",
                    "name":"微软雅黑粗体",
                    "wordwrap":false
                },
                "pos":{ "x":165, "y":340 },
                "size":{ "w":300, "h":50 }
            }
        },
        "money":{
            "bg":{
                "src":"./assets/ui/avator/bgCoin.png",
                "pos":{ "x":210, "y":390 }
            },
            "label":{
                "font":{
                    "text":"0",
                    "pretext":"ID:",
                    "size":24,
                    "color":"#ffc602",
                    "align":"left",
                    "valign":"middle",
                    "borderColorX":"#ff0000",
                    "name":"微软雅黑粗体",
                    "wordwrap":false
                },
                "pos":{ "x":265, "y":399 },
                "size":{ "w":140, "h":50 }
            }
        },
        "btnchange":{
            "desc":"确认更换按钮",
            "pos":{ "x":315, "y":530 },
            "src":[
                "./assets/ui/avatorpad/btn_touxiang_queren_01.png"
            ],
            "size":{ "w":209, "h":85},
            "sfx":"assets/raw/Click.mp3",
            "maxScale":{"x":1.02,"y":1.02},
            "normalScale":{"x":1,"y":1}
        },
        "btnchangedis":{
            "desc":"确认更换按钮",
            "pos":{ "x":315, "y":530 },
            "src":[
                "./assets/ui/avatorpad/btn_touxiang_queren_00.png"
            ],
            "size":{ "w":209, "h":85},
            "sfx":"assets/raw/Click.mp3",
            "maxScale":{"x":1.02,"y":1.02},
            "normalScale":{"x":1,"y":1}
        }
    },
    "content":{
        "desc":"内容，一个label？Text？",
        "pos":{
            "desc":"内容坐标",
            "x":480,
            "y":160
        },
        "bg":{
            "src":"./assets/ui/avatorpad/bgContent.png",
            "pos":{ "x":480, "y":160 }
        },
        "ctmask":{
            "desc":"蒙版的rect信息",
            "x":0,
            "y":0,
            "w":683,
            "h":496
        },
        "avatorsconf":{
            "pos":{
                "startx":35,
                "starty":35,
                "counth":4,
                "countv":0
            },
            "size":{
                "w":120,
                "h":120,
                "hg":40,
                "vg":40
            },
            "iconframe":{
                "src":"./assets/ui/avatorpad/img_touxiang_touxiangkuang.png",
                "pos":{
                    "x":-5,
                    "y":-3
                },
                "size":{
                    "w":122,
                    "h":122
                }
            }
        },
        "avators":[
            "touxiang/img_touxiang_01.jpg",
            "touxiang/img_touxiang_02.jpg",
            "touxiang/img_touxiang_03.jpg",
            "touxiang/img_touxiang_04.jpg",
            "touxiang/img_touxiang_05.jpg",
            "touxiang/img_touxiang_06.jpg",
            "touxiang/img_touxiang_07.jpg",
            "touxiang/img_touxiang_08.jpg",
            "touxiang/img_touxiang_09.jpg",
            "touxiang/img_touxiang_10.jpg",
            "touxiang/img_touxiang_11.jpg",
            "touxiang/img_touxiang_12.jpg"
        ],
        "focus":{
            "src":"./assets/ui/avatorpad/img_touxiang_xuanzhongkuang.png",
            "pos":{
                "desc":"焦点相对图片的坐标",
                "x":-6,
                "y":-3
            },
            "size":{
                "w":132,
                "h":132
            }
        }
    },
    "close":{
        "desc":"关闭按钮",
        "pos":{ "x":1167, "y":84 },
        "src":[
            "./assets/ui/dialog/btn_touxiang_guangbi.png"
        ],
        "size":{ "w":76, "h":77 },
        "sfx":"assets/raw/Click.mp3",
        "maxScale":{"x":1.05,"y":1.05},
        "normalScale":{"x":1,"y":1}
    },
    
    "touchout":{
        "desc":"是否点按外部触发鼠标事件",
        "value":false
    }
}