{
    "pos":{"x":0,"y":0},
    "hidepos":{"x":0,"y":-500},
    "duration":500,
    "bg":{
        "pos":{"x":0,"y":0},
        "src":"./assets/ui/avator/bgAvator.png"
    },
    "headicon":{
        "btnicon":{
            "desc":"头像按钮，点击后可以打开个人信息面板",
            "pos":{
                "x":84.5,
                "y":74.5
            },
            "src":[
                "./assets/ui/avator/default.jpg"
            ],
            "fontX":{
                "text":"",
                "size":18,
                "color":"#ffffff",
                "borderColorX":"#ff0000",
                "pos":{ "x":0, "y":0 }
            },
            "size":{ "w":110, "h":110 },
            "maxScale":{"x":1.02,"y":1.02},
            "normalScale":{"x":1,"y":1},
            "sfx":"assets/raw/Click.mp3"
        },
        "iconframe":{
            "src":"./assets/ui/avator/avatorFrame.png",
            "pos":{ "x":22.5, "y":12.5 },
            "size":{ "w":124, "h":124 }
        },
        "name":{
            "size":{ "w":165, "h":35 },
            "font":{
                "pretext":"xxx",
                "size":24,
                "color":"#92c6dd",
                "align":"center",
                "valign":"top",
                "borderColorX":"#ff0000",
                "name":"x",
                "wordwrap":false
            },
            "pos":{ "x":165, "y":53 }
        },
        "picnamehead":"touxiang/img_touxiang_",
        "picnameend":".jpg",
        "pos":{ "x":0, "y":0 },
        "sound":{
            "src":"assets/raw/Click.mp3"
        },
        "bStarName":false
    },
    "coinicon":{
        "pos":{ "x":145, "y":0 },
        "bg":{
            "src":"./assets/ui/avator/bgCoin.png",
            "pos":{ "x":0, "y":0 }
        },
        "label":{
            "pos":{ "x":55, "y":19 },
            "size":{ "w":110, "h":30 },
            "font":{
                "text":"123456",
                "size":24,
                "color":"#ffc602",
                "borderColorX":"#ff0000",
                "align":"left",
                "valign":"middle",
                "name":"x",
                "wrap":false
            }
        },
        "iconX":{
            "src":"./assets/ui/titlebar/icon_fangjian_ziyuan_chouam.png",
            "pos":{ "x":0, "y":5 }
        },
        "btnadd":{
            "src":[
                "./assets/ui/avator/btn_add.png"
            ],
            "pos":{ "x":230, "y":46 },
            "font":{
                "text":"",
                "size":18,
                "color":"#ffffff",
                "borderColorX":"#ff0000",
                "pos":{ "x":0, "y":0 }
            },
            "size":{ "w":71, "h":71 },
            "maxScale":{"x":1.05,"y":1.05},
            "normalScale":{"x":1,"y":1},
            "anim":{
                "textPath":"./assets/ui/animation/btn_recharge/Reload.png",
                "animPath":"./assets/ui/animation/btn_recharge/Reload.sk",
                "playSpeed":1.0,
                "loop":true,
                "loopdelay":2000,
                "pos":{ "x":0, "y":0 }
            }
        }
    },
    "diamoniconX":{
        "desc":"顶部钻石资源图标，v2版本不显示",
        "bg":{
            "src":"./assets/ui/titlebar/icon_fangjian_ziyuan_di.png",
            "pos":{
                "x":0,
                "y":7
            }
        },
        "label":{
            "pos":{
                "x":45,
                "y":0
            },
            "size":{
                "w":110,
                "h":38
            },
            "font":{
                "text":"0",
                "size":24,
                "color":"#ffffff",
                "borderColorX":"#ff0000",
                "align":"left",
                "valign":"middle",
                "name":"x",
                "wrap":false
            }
        },
        "icon":{
            "src":"./assets/ui/titlebar/icon_fangjian_ziyuan_zuanshi.png",
            "pos":{
                "x":-15,
                "y":-5
            }
        },
        "btnaddX":{
            "src":[
                "./assets/ui/titlebar/add.png"
            ],
            "pos":{
                "x":80,
                "y":25
            },
            "font":{
                "text":"",
                "size":18,
                "color":"#ffffff",
                "borderColorX":"#ff0000",
                "pos":{
                    "x":0,
                    "y":0
                }
            },
            "size":{
                "w":20,
                "h":20
            }
        },
        "pos":{
            "x":600,
            "y":0
        }
    }
}
