{
    "desc":"底部菜单组,v2版大厅，不要底部菜单，所以此处可以删除",
    "pos":{ "x":0, "y":650 },
    "scrollout":{
        "pos":{ "x":0, "y":900 }
    },
    "duration":1000,
    "showinlobby":false,
    "menus":[
        {
            "desc":"规则",
            "cmd":"rule",
            "pos":{ "x":497, "y":44 },
            "src":[
                "./assets/ui/room/bottommenu/btn_rule.png"
            ],
            "size":{ "w":82, "h":87 },
            "maxScale":{"x":1.05,"y":1.05},
            "normalScale":{"x":1,"y":1},
            "sfx":"assets/raw/Click.mp3"
        },
        {
            "desc":"战绩",
            "cmd":"history",
            "pos":{ "x":647, "y":44 },
            "src":[
                "./assets/ui/room/bottommenu/btn_history.png"
            ],
            "size":{ "w":82, "h":87 },
            "maxScale":{"x":1.05,"y":1.05},
            "normalScale":{"x":1,"y":1},
            "sfx":"assets/raw/Click.mp3"                
        },
        {
            "desc":"设置",
            "cmd":"setting",
            "pos":{ "x":797, "y":44 },
            "src":[
                "./assets/ui/titlebar/btn_setting.png"
            ],
            "size":{ "w":82, "h":87 },
            "maxScale":{"x":1.05,"y":1.05},
            "normalScale":{"x":1,"y":1},
            "sfx":"assets/raw/Click.mp3"
        }
    ]
}