{
    "pos":{ "x":0, "y":300 },
    "mask":{
        "pos":{ "x":0, "y":0 },
        "size":{ "w":1334, "h":750 },
        "color":"#000000",
        "alpha":0.7
    },
    "iconshow":{
        "src":"./assets/ui/loading/logo.png",
        "pos":{ "x":620, "y":0 }
    },
    "txt":{
        "size":{ "w":1334, "h":30 },
        "font":{
            "text":"登录中...",
            "size":20,
            "color":"#00ff00"
        },
        "pos":{ "x":0, "y":100 },
        "borderColorX":"#ff0000"
    },
    "dotdelay":1000,
    "dotcount":10
}