{
    "pos":{ "x":0, "y":120 },
    "girl":{
        "src":"./assets/ui/game/img_dating_renwu.png",
        "pos":{ "x":0, "y":0 },
        "size":{"w":392,"h":606},
        "hidepos":{ "x":-800, "y":0 },
        "durationIn":500,
        "durationOut":500
    },
    "panel":{
        "content":{
            "pos":{ "x":360, "y":0 },
            "hidepos":{ "x":0, "y":0 },
            "durationIn":500,
            "durationOut":1000,
            "size":{ "w":1334, "h":550 }
        },
        "bmask":{
            "desc":"是否使用遮罩",
            "value":true
        },
        "rect":{
            "x":0,
            "y":0,
            "w":1000,
            "h":550
        },
        "showbgX":{
            "desc":"内容容器绘制背景",
            "color":"#ff0000",
            "alpha":0.5
        },
        "itembgX":{
            "desc":"图标整体背景",
            "color":"#ffff00",
            "alpha":0.5
        }
    },
    "arrow":{
        "desc":"右侧提示箭头，已废除",
        "src":"./assets/ui/game/arrow_00.png",
        "pos":{
            "x":1250,
            "y":260
        }
    },
    "pagearrow":{
        "desc":"右侧箭头动画",
        "pos":{"x":1205,"y":260},
        "src":{
            "src":"./assets/ui/game/arrow_00.png",
            "pos":{ "x":0, "y":0 }
        },
        "bclick":true,
        "right":{
            "pos":{
                "x":3,
                "y":0
            },
            "easeName":"backIn",
            "duration":400
        },
        "left":{
            "pos":{
                "x":-3,
                "y":0
            },
            "easeName":"backIn",
            "duration":400
        }
    },
    "flip":{
        "desc":"箭头点击之后，一次翻动的列数及x坐标偏移值",
        "onetime":3,
        "offsetx":0,
        "movex":0
    },
    "gameitemdefault":{
        "number":5,
        "pos":{ "x":0, "y":0 },
        "showbgX":{
            "color":"#ff0000",
            "alpha":0.5
        },
        "btnicon":{
            "desc":"图标按钮",
            "pos":{ "x":155, "y":135 },
            "src":[
                "./assets/ui/game/defaulticon.png"
            ],
            "size":{
                "w":235,
                "h":215,
                "gw":30,
                "gh":30,
                "offsetx":100
            },
            "maxScale":{"x":1.02,"y":1.02},
            "normalScale":{"x":1,"y":1},
            "sfx":"assets/raw/Click.mp3",
            "grayext":"_gray"
        },
        "dutimer":1,
        "lastR":10,
        "stepR":10,
        "nowStartAngle":0,
        "stepAngle":30,
        "maxR":1000,
        "drawcenter":{ "x":87.5, "y":87.5 },
        "sfx":"assets/raw/Flop.mp3",
        "actionOnClick":true,
        "statePause":{
            "desc":"PAUSE状态呈现方式",
            "src":"./assets/ui/game/img_dating_whz.png",
            "pos":{ "x":50, "y":110 },
            "size":{ "w":159, "h":62 }
        },
        "stateComing":{
            "desc":"PAUSE状态呈现方式",
            "src":"./assets/ui/game/img_dating_jingqingqidai.png",
            "pos":{ "x":30, "y":110 },
            "size":{ "w":209, "h":62 }
        },
        "hot":{
            "src":"./assets/ui/game/icon_hot.png",
            "pos":{ "x":170, "y":30 }
        }
    },
    
    "scrollbarX":{
        "bg":{
            "src":"./assets/ui/progress/img_fangjian_jingdu01.png",
            "srcX":"./assets/ui/progress/10.png",
            "pos":{
                "x":0,
                "y":395
            },
            "size":{
                "w":550,
                "h":0,
                "splice":{
                    "lw":4,
                    "cw":10,
                    "rw":4,
                    "cwid":542
                }
            }
        },
        "ft":{
            "src":"./assets/ui/progress/img_fangjian_jingdu02.png",
            "srcX":"./assets/ui/progress/10.png",
            "pos":{
                "x":0,
                "y":396
            },
            "size":{
                "w":55,
                "h":0,
                "splice":{
                    "lw":4,
                    "cw":10,
                    "rw":4,
                    "cwid":47
                }
            }
        },
        "showinsmall":false,
        "fadeAlpha":0.1
    },
    
    "testItemLenX":51
}