{
    "icons":[
        {
            "desc":"加勒比梭哈",
            "src":"icon_game_06.png",
            "anim":{
                "textPath":"./assets/ui/animation/icons/icon_game_06_anim/jialebisuoha.png",
                "animPath":"./assets/ui/animation/icons/icon_game_06_anim/jialebisuoha.sk",
                "playSpeed":1.0,
                "loop":true,
                "dAlpha":0,
                "pos":{ "x":136, "y":138 }
            }
        },
        {
            "desc":"幸运五张",
            "src":"icon_game_07.png",
            "anim":{
                "textPath":"./assets/ui/animation/icons/icon_game_07_anim/xy5z.png",
                "animPath":"./assets/ui/animation/icons/icon_game_07_anim/xy5z.sk",
                "playSpeed":1.0,
                "loop":true,
                "dAlpha":0,
                "pos":{ "x":138, "y":134 }
            }
        },
        {
            "desc":"欢乐红包",
            "src":"icon_game_08.png",
            "anim":{
                "textPath":"./assets/ui/animation/icons/icon_game_08_anim/hlhb.png",
                "animPath":"./assets/ui/animation/icons/icon_game_08_anim/hlhb.sk",
                "playSpeed":1.0,
                "loop":true,
                "dAlpha":0,
                "pos":{ "x":136, "y":138 }
            }
        },
        {
            "desc":"斗地主",
            "src":"icon_game_09.png",
            "anim":{
                "textPath":"./assets/ui/animation/icons/icon_game_09_anim/ddz.png",
                "animPath":"./assets/ui/animation/icons/icon_game_09_anim/ddz.sk",
                "playSpeed":1.0,
                "loop":true,
                "dAlpha":0,
                "pos":{ "x":134, "y":139 }
            }
        },
        {
            "desc":"金狮送财",
            "src":"icon_game_10.png",
            "anim":{
                "textPath":"./assets/ui/animation/icons/icon_game_10_anim/jssc.png",
                "animPath":"./assets/ui/animation/icons/icon_game_10_anim/jssc.sk",
                "playSpeed":1.0,
                "loop":true,
                "dAlpha":0,
                "pos":{ "x":134, "y":138 }
            }
        },
        {
            "desc":"抢庄牛牛",
            "src":"img_dating_youxi_05.png",
            "anim":{
                "textPath":"./assets/ui/animation/icons/img_dating_youxi_05_anim/qznn.png",
                "animPath":"./assets/ui/animation/icons/img_dating_youxi_05_anim/qznn.sk",
                "playSpeed":1.0,
                "loop":true,
                "dAlpha":0,
                "pos":{ "x":136, "y":138 }
            }
        },
        {
            "desc":"21点",
            "src":"icon_game_bj_00.png",
            "anim":{
                "textPath":"./assets/ui/animation/icons/icon_game_bj_00_anim/21dian.png",
                "animPath":"./assets/ui/animation/icons/icon_game_bj_00_anim/21dian.sk",
                "playSpeed":1.0,
                "loop":true,
                "dAlpha":0,
                "pos":{ "x":134, "y":136 }
            }
        },
        {
            "desc":"龙虎斗",
            "src":"icon_game_dt_00.png",
            "anim":{
                "textPath":"./assets/ui/animation/icons/icon_game_dt_00_anim/longhudou.png",
                "animPath":"./assets/ui/animation/icons/icon_game_dt_00_anim/longhudou.sk",
                "playSpeed":1.0,
                "loop":true,
                "dAlpha":0,
                "pos":{ "x":134, "y":138 }
            }
        },
        {
            "desc":"红黑大战",
            "src":"icon_game_rb_00.png",
            "anim":{
                "textPath":"./assets/ui/animation/icons/icon_game_rb_00_anim/hongheidazhan.png",
                "animPath":"./assets/ui/animation/icons/icon_game_rb_00_anim/hongheidazhan.sk",
                "playSpeed":1.0,
                "loop":true,
                "dAlpha":0,
                "pos":{ "x":134, "y":134 }
            }
        },
        {
            "desc":"诈金花",
            "src":"img_dating_youxi_01.png",
            "anim":{
                "textPath":"./assets/ui/animation/icons/img_dating_youxi_01_anim/zhajinhua.png",
                "animPath":"./assets/ui/animation/icons/img_dating_youxi_01_anim/zhajinhua.sk",
                "playSpeed":1.0,
                "loop":true,
                "dAlpha":0,
                "pos":{ "x":135, "y":144 }
            }
        },
        {
            "desc":"押注牛牛",
            "src":"img_dating_youxi_02.png",
            "anim":{
                "textPath":"./assets/ui/animation/icons/img_dating_youxi_02_anim/yazhuniuniu.png",
                "animPath":"./assets/ui/animation/icons/img_dating_youxi_02_anim/yazhuniuniu.sk",
                "playSpeed":0.7,
                "loop":true,
                "dAlpha":0,
                "pos":{ "x":134, "y":134 }
            }
        },
        {
            "desc":"通比牛牛",
            "src":"img_dating_youxi_03.png",
            "anim":{
                "textPath":"./assets/ui/animation/icons/img_dating_youxi_03_anim/tongbiniuniu.png",
                "animPath":"./assets/ui/animation/icons/img_dating_youxi_03_anim/tongbiniuniu.sk",
                "playSpeed":0.7,
                "loop":true,
                "dAlpha":0,
                "pos":{ "x":134, "y":134 }
            }
        }
    ]
}