{
    "pos":{ "x":0, "y":0 },
    "size":{
        "desc":"大背景尺寸",
        "w":1334,
        "h":750
    },
    "bg":{
        "src":"./assets/ui/dialog/img_touxiang_dadi.png",
        "pos":{ "x":139.5, "y":53 }
    },
    "mask":{
        "desc":"大背景半透明度",
        "alpha":0.6
    },
    "title":{
        "lb":{
            "src":"./assets/ui/rule/title.png",
            "pos":{ "x":580, "y":76 }
        }
    },
    "tablehead":{
        "desc":"表格标题",
        "bg":{
            "src":"./assets/ui/rule/bgTitle.png",
            "pos":{ "x":180, "y":140 }
        },
        "headlines":{
            "desc":"表头的分隔线",
            "src":"./assets/ui/rule/vlineTitle.png",
            "ws":[
                240,244,242
            ],
            "wy":140,
            "labels":[
                {
                    "switch":{
                        "desc":"切换开关",
                        "pos":{ "x":180, "y":140 },
                        "src":[
                            "./assets/ui/rule/btn_paixing_00.png",
                            "./assets/ui/rule/btn_paixing_01.png"
                        ],
                        "sfx":"assets/raw/Click.mp3",
                        "size":{"w":240,"h":55}
                    }
                },
                {
                    "switch":{
                        "desc":"切换开关",
                        "pos":{ "x":422, "y":140 },
                        "src":[
                            "./assets/ui/rule/btn_wanfa_00.png",
                            "./assets/ui/rule/btn_wanfa_01.png"
                        ],
                        "sfx":"assets/raw/Click.mp3"
                    }
                },
                {
                    "switch":{
                        "desc":"切换开关",
                        "pos":{ "x":664, "y":140 },
                        "src":[
                            "./assets/ui/rule/btn_jiesuan_00.png",
                            "./assets/ui/rule/btn_jiesuan_01.png"
                        ],
                        "sfx":"assets/raw/Click.mp3"
                    }
                },
                {
                    "switch":{
                        "desc":"切换开关",
                        "pos":{ "x":911, "y":140 },
                        "src":[
                            "./assets/ui/rule/btn_guanyu_00.png",
                            "./assets/ui/rule/btn_guanyu_01.png"
                        ],
                        "sfx":"assets/raw/Click.mp3"
                    }
                }
            ]
        },
        "focus":{
            "src":"./assets/ui/rule/img_guize_xuanzhong.png",
            "pos":[
                { "x":32, "y":96 },
                { "x":202, "y":96 },
                { "x":372, "y":96 },
                { "x":543, "y":96 }
            ],
            "size":[
                { "w":168, "h":50 },
                { "w":168, "h":50 },
                { "w":168, "h":50 },
                { "w":181, "h":50 }
            ]
        }
    },
    "contentbg":{
        "src":"./assets/ui/rule/bgContent.png",
        "pos":{ "x":180, "y":140 }
    },
    "content":{
        "pos":{ "x":200, "y":205 },
        "rect":{
            "desc":"绘制矩形参数",
            "x":0,
            "y":0,
            "w":972,
            "h":420
        }
    },
    "defaultItemConfs":[
        {
            "desc":"牌型",
            "pos":{ "x":5, "y":5 },
            "href":[
                "./assets/ui/rule/ct_paixing.png",
                "./assets/ui/rule/ct_paixing2.png"
            ]
        },
        {
            "desc":"玩法",
            "pos":{ "x":5, "y":5 },
            "href":[
                "./assets/ui/rule/ct_wanfa.png"
            ]
        },
        {
            "desc":"结算",
            "pos":{ "x":5, "y":5 },
            "href":[
                "./assets/ui/rule/ct_jiesuan.png"
            ]
        },
        {
            "desc":"关于",
            "pos":{ "x":5, "y":-10 },
            "href":[
                "./assets/ui/rule/ct_guanyu.png"
            ]
        }
    ],
    "close":{
        "desc":"关闭按钮",
        "pos":{ "x":1167, "y":84 },
        "src":[
            "./assets/ui/dialog/btn_touxiang_guangbi.png"
        ],
        "size":{ "w":76, "h":77 },
        "sfx":"assets/raw/Click.mp3",
        "maxScale":{"x":1.05,"y":1.05},
        "normalScale":{"x":1,"y":1}
    },
    "touchout":{
        "desc":"是否点按外部触发鼠标事件",
        "value":false
    },
    "slip":{
        "desc0":"滑动距离",
        "slipdis":100,
        "desc1":"滑动时间间隔",
        "slipdistime":1000,
        "duration":500,
        "poshideleft":{ "x":-400, "y":0 },
        "poshideright":{ "x":800, "y":0 }
    }        
}