{
    "pos":{ "x":0, "y":0 },
    "size":{
        "desc":"大背景尺寸",
        "w":1334,
        "h":750
    },
    "bg":{
        "desc":"内容背景 纵向拉伸的",
        "src":"./assets/ui/dialog/img_touxiang_dadi.png",
        "pos":{ "x":139.5, "y":53 }
    },
    "mask":{
        "desc":"大背景半透明度",
        "alpha":0.6
    },
    "title":{
        "lb":{
            "desc":"标题显示的文字",
            "src":"./assets/ui/history/titleName.png",
            "pos":{ "x":580, "y":76 }
        }
    },
    "close":{
        "desc":"关闭按钮",
        "pos":{ "x":1167, "y":84 },
        "src":[
            "./assets/ui/dialog/btn_touxiang_guangbi.png"
        ],
        "size":{ "w":76, "h":77 },
        "sfx":"assets/raw/Click.mp3",
        "maxScale":{ "x":1.05,"y":1.05},
        "normalScale":{ "x":1.0,"y":1.0}
    },
    "tablehead":{
        "desc":"表格标题",
        "bg":{
            "src":"./assets/ui/history/titleTable.png",
            "pos":{ "x":180, "y":140 }
        }
    },
    "contentbg":{
        "src":"./assets/ui/history/bgContent.png",
        "pos":{ "x":180, "y":140 }
    },
    "content":{
        "desc":"放置内容的容器",
        "pos":{ "x":180, "y":215 }
    },
    "ctmask":{
        "desc":"内容蒙版，外侧的内容条目不显示",
        "rect":{
            "desc":"绘制矩形参数",
            "x":0,
            "y":-20,
            "w":972,
            "h":415
        },
        "colorX":"ff0000"
    },
    "empty":{
        "desc":"无记录，空数据",
        "size":{ "w":200, "h":50 },
        "pos":{ "x":580, "y":350 },
        "font":{
            "text":"无记录",
            "borderColorX":"#ff0000",
            "color":"#9169c9",
            "size":30,
            "name":"x",
            "align":"center",
            "valign":"top",
            "wrap":false
        }
    },
    "bottomhint":{
        "desc":"底部提示性文字",
        "pos":{ "x":0, "y":650 },
        "size":{ "w":1334, "h":25 },
        "count":10,
        "font":{
            "text":"显示当日最新10条游戏战绩",
            "borderColorX":"#ff0000",
            "color":"#9169c9",
            "size":14,
            "name":"x",
            "align":"center",
            "valign":"top",
            "wrap":false
        }
    },
    
    "touchout":{
        "desc":"是否点按外部触发鼠标事件",
        "value":false
    },
    "item":{
        "id":{
            "desc":"内容文本框",
            "pos":{ "x":0, "y":0 },
            "size":{ "w":80, "h":30 },
            "font":{
                "borderColorX":"#ff0000",
                "color":"#9cc5d8",
                "size":24,
                "name":"x",
                "align":"center",
                "valign":"top",
                "wrap":false
            }
        },
        "gameid":{
            "desc":"内容文本框",
            "pos":{ "x":80, "y":0 },
            "size":{ "w":290, "h":30 },
            "font":{
                "borderColorX":"#fff000",
                "color":"#efe8cd",
                "size":24,
                "name":"x",
                "align":"center",
                "valign":"middle",
                "wrap":false,
                "underline":false
            }
        },
        "room":{
            "desc":"内容文本框",
            "pos":{ "x":370, "y":0 },
            "size":{ "w":120, "h":30 },
            "font":{
                "borderColorX":"#ff00ff",
                "color":"#9cc5d8",
                "size":24,
                "name":"x",
                "align":"center",
                "valign":"top",
                "wrap":false
            }
        },
        "earn":{
            "desc":"内容文本框",
            "pos":{ "x":495, "y":0 },
            "size":{ "w":160, "h":30 },
            "font":{
                "pretext":"+",
                "pretextReduce":"-",
                "borderColorX":"#fffff0",
                "color":"#9ed018",
                "colorReduce":"#df4218",
                "size":24,
                "name":"x",
                "align":"center",
                "valign":"top",
                "wrap":false
            }
        },
        "endtime":{
            "desc":"内容文本框",
            "pos":{ "x":655, "y":0 },
            "size":{ "w":315, "h":30 },
            "font":{
                "borderColorX":"#000000",
                "color":"#9cc5d8",
                "size":24,
                "name":"x",
                "align":"center",
                "valign":"top",
                "wrap":false
            }
        },
        "size":{ "w":0, "h":40, "gh":10 }
    },
    "testitemlenX":100,
    "testData":{
        "desc":"测试数据",
        "stat":"complete",
        "totalCount":10,
        "datas":[
            {
                "orderNo":"123",
                "roomName":"asdassad",
                "amount":45654,
                "endTime":1234567784
            },
            {
                "orderNo":"123",
                "roomName":"asdassad",
                "amount":45654,
                "endTime":1234567784
            },
            {
                "orderNo":"123",
                "roomName":"asdassad",
                "amount":45654,
                "endTime":1234567784
            },
            {
                "orderNo":"123",
                "roomName":"asdassad",
                "amount":45654,
                "endTime":1234567784
            },
            {
                "orderNo":"123",
                "roomName":"asdassad",
                "amount":45654,
                "endTime":1234567784
            },
            {
                "orderNo":"123",
                "roomName":"asdassad",
                "amount":45654,
                "endTime":1234567784
            },
            {
                "orderNo":"123",
                "roomName":"asdassad",
                "amount":45654,
                "endTime":1234567784
            },
            {
                "orderNo":"123",
                "roomName":"asdassad",
                "amount":45654,
                "endTime":1234567784
            },
            {
                "orderNo":"123",
                "roomName":"asdassad",
                "amount":45654,
                "endTime":1234567784
            },
            {
                "orderNo":"123",
                "roomName":"asdassad",
                "amount":45654,
                "endTime":1234567784
            }
        ]
    }
}