{
    "desc":"金钱不足的提示板板",
    "pos":{ "x":0, "y":0 },
    "size":{
        "desc":"大背景尺寸,要半透明的",
        "w":1334, "h":750 
    },
    "mask":{
        "desc":"大背景半透明度",
        "alpha":0.6
    },
    "bg":{
        "desc":"内容背景 纵向拉伸的",
        "src":"./assets/ui/dialog/bgNotice.png",
        "pos":{ "x":350, "y":142 },
        "size":{"w":635,"h":466}
    },
    "title":{
        "lb":{
            "desc":"标题显示的文字",
            "src":"./assets/ui/dialog/lbNotice.png",
            "pos":{ "x":548, "y":166 },
            "size":{"w":214,"h":48}
        }
    },
    "content":{
        "desc":"内容，一个label？Text？",
        "pos":{ "x":0, "y":0 },
        "label":{
            "pos":{ "x":390, "y":250 },
            "size":{ "w":560, "h":215 },
            "font":{
                "text":"帐号余额不足，请前往充值！",
                "size":28,
                "color":"#9cc5d8",
                "align":"center",
                "valign":"middle",
                "name":"Microsoft Yahei Bold",
                "wrap":true,
                "underline":false,
                "borderColorX":"#ff0000",
                "alpha":1
            }
        }
    },
    "close":{
        "desc":"关闭按钮",
        "pos":{ "x":960, "y":170 },
        "src":[
            "./assets/ui/dialog/btn_touxiang_guangbi.png"
        ],
        "size":{ "w":76, "h":77 },
        "sfx":"assets/raw/Click.mp3",
        "maxScale":{"x":1.05,"y":1.05},
        "normalScale":{"x":1,"y":1}
    },
    "recharge":{
        "desc":"充值按钮",
        "pos":{ "x":670, "y":525 },
        "src":[
            "./assets/ui/dialog/btn_recharge.png"
        ],
        "size":{ "w":209, "h":85 },
        "sfx":"assets/raw/Click.mp3",
        "maxScale":{"x":1.05,"y":1.05},
        "normalScale":{"x":1,"y":1}
    },
    "clickrechargejump":false,
    "touchout":{
        "desc":"是否点按外部触发鼠标事件",
        "value":false
    }
}