{
    "size":{
        "desc":"大背景尺寸",
        "w":1139,
        "h":640
    },
    "mask":{
        "desc":"大背景半透明度",
        "alpha":0.1
    },
    "bg":{
        "src":"./assets/ui/splash_bg.jpg",
        "size":{
            "w":567,
            "h":320
        },
        "pos":{
            "x":0,
            "y":0
        },
        "pivot":{
            "x":0,
            "y":0
        }
    },
    "lbcontent":{
        "desc":"内容文本框",
        "pos":{
            "x":0,
            "y":0
        },
        "size":{
            "w":567,
            "h":320
        },
        "font":{
            "borderColor":"#ff0000",
            "color":"#ffffff",
            "size":20,
            "name":"x",
            "align":"center",
            "valign":"middle",
            "wrap":true
        }
    },
    "close":{
        "desc":"关闭按钮",
        "pos":{
            "x":550,
            "y":-20
        },
        "src":[
            "./assets/ui/history/btn_zhanji_kuangdi_guanbi.png"
        ],
        "font":{
            "text":"",
            "size":18,
            "color":"#ffffff",
            "borderColorX":"#ff0000",
            "pos":{
                "x":0,
                "y":0
            }
        },
        "size":{
            "w":20,
            "h":20
        }
    },
    "touchout":{
        "desc":"是否点按外部触发鼠标事件",
        "value":true
    },
    "pos":{
        "x":284,
        "y":160
    }
}