{
    "desc":"顶部标题栏",
    "pos":{ "x":0, "y":0 },
    "duration":500,
    "btnback":{
        "desc":"按钮",
        "pos":{ "x":1200, "y":60 },
        "src":[
            "./assets/ui/room/titlebar/btn_back.png"
        ],
        "size":{ "w":211, "h":85 },
        "sfx":"assets/raw/Click.mp3",
        "maxScale":{"x":1.05,"y":1.05},
        "normalScale":{"x":1,"y":1}
    },
    "title":{
        "pos":{ "x":537, "y":15 },
        "size":{ "w":229, "h":77 },
        "src":"./assets/ui/room/titlebar/lb_zjh.png"
    }
}