{
    "pos":{ "x":367, "y":98 },
    "scrollspd":{ "x":1, "y":0 },
    "bg":{
        "src":"./assets/ui/notice/bgRunningmsg.png",
        "pos":{ "x":0, "y":5 }
    },
    "msgcontent":{
        "size":{ "w":400, "h":40 },
        "pos":{ "x":110, "y":10 },
        "label":{
            "font":{
                "text":"---",
                "size":22,
                "color":"#ffffff",
                "align":"left",
                "valign":"middle",
                "name":"x",
                "wrap":false
            },
            "size":{ "w":0, "h":0 },
            "pos":{ "x":0, "y":8 }
        }
    },
    "mask":{
        "pos":{ "x":0, "y":0 },
        "size":{ "w":400, "h":40 },
        "color":"#000000",
        "strlen":65
    },
    "request":{
        "desc":"一条消息滚动完毕之后，轮询请求下一条的间隔时间配置",
        "timer":10000
    }
}