{
    "desc":"设置面板",
    "pos":{ "x":291, "y":80 },
    "size":{
        "desc":"大背景尺寸,要半透明的",
        "w":1334,
        "h":750
    },
    "mask":{
        "desc":"大背景半透明度",
        "alpha":0.6
    },
    "bg":{
        "desc":"内容背景 纵向拉伸的",
        "src":"./assets/ui/setting/bg.png",
        "pos":{ "x":0, "y":40 }
    },
    "title":{
        "bgX":{
            "src":"./assets/ui/room/dialog/img_com_tanchuangtou1.png",
            "pos":{ "x":10, "y":0 }
        },
        "lb":{
            "desc":"标题显示的文字",
            "src":"./assets/ui/setting/title.png",
            "pos":{ "x":280, "y":65 }
        }
    },
    "close":{
        "desc":"关闭按钮",
        "pos":{ "x":720, "y":70 },
        "src":[
            "./assets/ui/dialog/btn_touxiang_guangbi.png"
        ],
        "size":{ "w":76, "h":77 },
        "sfx":"assets/raw/Click.mp3",
        "maxScale":{"x":1.05,"y":1.05},
        "normalScale":{"x":1,"y":1}
    },
    "touchout":{
        "desc":"是否点按外部触发鼠标事件",
        "value":false
    },
    "musicbar":{
        "desc":"背景音乐栏目",
        "iconX":{
            "src":"./assets/ui/setting/icon_music.png",
            "pos":{ "x":43, "y":200 }
        },
        "label":{
            "src":"./assets/ui/setting/lb_music.png",
            "pos":{ "x":60, "y":215 }
        },
        "dragbar":{
            "desc":"拖拉块",
            "pos":{ "x":160, "y":195 },
            "bg":{
                "src":"./assets/ui/setting/pgBg.png",
                "pos":{ "x":16, "y":20 },
                "size":{ "w":340, "h":34 }
            },
            "front":{
                "src":"./assets/ui/setting/pgBar.png",
                "pos":{ "x":18, "y":23 },
                "size":{ "w":340, "h":28 },
                "osize":{ "w":334, "h":28 }
            },
            "drag":{
                "src":"./assets/ui/setting/icon_music.png",
                "pos":{ "x":0, "y":0 }
            }
        }
    },
    "sfxbar":{
        "desc":"音效栏目",
        "iconX":{
            "src":"./assets/ui/setting/icon_sfx.png",
            "pos":{ "x":43, "y":338 }
        },
        "label":{
            "src":"./assets/ui/setting/lb_sfx.png",
            "pos":{ "x":60, "y":353 }
        },
        "dragbar":{
            "desc":"拖拉块",
            "pos":{ "x":160, "y":338 },
            "bg":{
                "src":"./assets/ui/setting/pgBg.png",
                "pos":{ "x":16, "y":20 },
                "size":{ "w":340, "h":34 }
            },
            "front":{
                "src":"./assets/ui/setting/pgBar.png",
                "pos":{ "x":18, "y":24 },
                "size":{ "w":340, "h":28 },
                "osize":{ "w":334, "h":28 }
            },
            "drag":{
                "src":"./assets/ui/setting/icon_sfx.png",
                "pos":{ "x":0, "y":0 }
            }
        }
    },
    "musicswitch":{
        "desc":"背景音乐开关",
        "labelX":{
            "src":"./assets/ui/setting/lb_music.png",
            "pos":{ "x":650, "y":210 }
        },
        "switch":{
            "desc":"切换开关",
            "pos":{ "x":600, "y":215 },
            "src":[
                "./assets/ui/setting/btn_switch1.png",
                "./assets/ui/setting/btn_switch0.png"
            ],
            "sfx":"assets/raw/Click.mp3"
        }
    },
    "sfxswitch":{
        "desc":"音效开关",
        "labelX":{
            "src":"./assets/ui/setting/lb_sfx.png",
            "pos":{ "x":650, "y":348 }
        },
        "switch":{
            "desc":"切换开关",
            "pos":{ "x":600, "y":353 },
            "src":[
                "./assets/ui/setting/btn_switch1.png",
                "./assets/ui/setting/btn_switch0.png"
            ],
            "sfx":"assets/raw/Click.mp3"
        }
    }
}