{
    "desc":"设置面板v1",
    "size":{
        "desc":"大背景尺寸,要半透明的",
        "w":1139,
        "h":640
    },
    "mask":{
        "desc":"大背景半透明度",
        "alpha":0.6
    },
    "pos":{
        "x":205,
        "y":106
    },
    "bg":{
        "desc":"内容背景 纵向拉伸的",
        "src":"./assets/ui/history/img_zhanji_kuangdi_02.png",
        "size":{
            "w":762,
            "h":428,
            "spliceV":{
                "th":96,
                "mh":16,
                "bh":88,
                "mhei":244
            }
        },
        "pos":{
            "x":0,
            "y":0
        },
        "pivotX":{
            "x":0,
            "y":0
        },
        "front":{
            "desc":"大背景之上，还有一层前景",
            "src":"./assets/ui/history/img_zhanji_kuangdi_01.png",
            "pos":{
                "x":30,
                "y":94
            },
            "size":{
                "w":699,
                "h":290,
                "spliceHV":{
                    "lw":15,
                    "cw":12,
                    "rw":15,
                    "cwid":669,
                    "th":15,
                    "mh":12,
                    "bh":15,
                    "mhei":260
                }
            }
        }
    },
    "title":{
        "bg":{
            "src":"./assets/ui/history/img_zhanji_kuangdi_03.png",
            "pos":{
                "x":293,
                "y":34
            }
        },
        "lb":{
            "desc":"标题显示的文字",
            "src":"./assets/ui/setting/v1/img_shezhi.png",
            "pos":{
                "x":340,
                "y":40
            }
        }
    },
    "close":{
        "desc":"关闭按钮",
        "pos":{
            "x":700,
            "y":55
        },
        "src":[
            "./assets/ui/history/btn_zhanji_kuangdi_guanbi.png"
        ],
        "font":{
            "text":"",
            "size":18,
            "color":"#ffffff",
            "borderColorX":"#ff0000",
            "pos":{
                "x":0,
                "y":0
            }
        },
        "size":{
            "w":47,
            "h":47
        },
        "sfx":"assets/raw/Click.mp3",
        "maxScale":1.1,
        "normalScale":1
    },
    "touchout":{
        "desc":"是否点按外部触发鼠标事件",
        "value":false
    },
    "line":{
        "desc":"分隔线",
        "src":"./assets/ui/setting/v1/img_shezhi_line.png",
        "pos":{
            "x":32,
            "y":300
        },
        "size":{
            "w":696,
            "h":13
        }
    },
    "musicbar":{
        "desc":"背景音乐栏目",
        "icon":{
            "src":"./assets/ui/setting/v1/icon_shezhi_yingyue.png",
            "pos":{
                "x":80,
                "y":130
            }
        },
        "label":{
            "src":"./assets/ui/setting/beijingyinyue.png",
            "pos":{
                "x":140,
                "y":130
            }
        },
        "dragbar":{
            "desc":"拖拉块",
            "pos":{
                "x":270,
                "y":125
            },
            "bg":{
                "src":"./assets/ui/setting/v1/img_shezhi_jingdutiao2.png",
                "pos":{
                    "x":0,
                    "y":15
                },
                "size":{
                    "w":450,
                    "h":20,
                    "splice":{
                        "lw":11,
                        "cw":6,
                        "rw":11,
                        "cwid":428
                    }
                }
            },
            "front":{
                "src":"./assets/ui/setting/v1/img_shezhi_jjingdutiao.png",
                "pos":{
                    "x":-6,
                    "y":8
                },
                "size":{
                    "w":450,
                    "h":34
                }
            },
            "drag":{
                "src":"./assets/ui/setting/btn_tiaojie.png",
                "pos":{
                    "x":0,
                    "y":0
                }
            }
        }
    },
    "sfxbar":{
        "desc":"音效栏目",
        "icon":{
            "src":"./assets/ui/setting/v1/icon_shezhi_yinliang.png",
            "pos":{
                "x":80,
                "y":200
            }
        },
        "label":{
            "src":"./assets/ui/setting/youxiyinxiao.png",
            "pos":{
                "x":140,
                "y":200
            }
        },
        "dragbar":{
            "desc":"拖拉块",
            "pos":{
                "x":270,
                "y":195
            },
            "bg":{
                "src":"./assets/ui/setting/v1/img_shezhi_jingdutiao2.png",
                "pos":{
                    "x":0,
                    "y":15
                },
                "size":{
                    "w":450,
                    "h":20,
                    "splice":{
                        "lw":11,
                        "cw":6,
                        "rw":11,
                        "cwid":428
                    }
                }
            },
            "front":{
                "src":"./assets/ui/setting/v1/img_shezhi_jjingdutiao.png",
                "pos":{
                    "x":-6,
                    "y":8
                },
                "size":{
                    "w":450,
                    "h":34
                }
            },
            "drag":{
                "src":"./assets/ui/setting/btn_tiaojie.png",
                "pos":{
                    "x":0,
                    "y":0
                }
            }
        }
    },
    "musicswitch":{
        "desc":"背景音乐开关",
        "label":{
            "src":"./assets/ui/setting/img_shezhi_yingyue.png",
            "pos":{
                "x":80,
                "y":325
            }
        },
        "switch":{
            "desc":"切换开关",
            "pos":{
                "x":180,
                "y":325
            },
            "bg":{
                "src":"./assets/ui/setting/v1/btn_shezhi_kaiguan01.png",
                "pos":{
                    "x":0,
                    "y":0
                }
            },
            "drag":{
                "src":"./assets/ui/setting/v1/btn_shezhi_kuaiguan02.png",
                "pos":{
                    "x":0,
                    "y":0
                },
                "posoff":{
                    "x":60,
                    "y":0
                }
            },
            "duration":100,
            "sfx":"assets/raw/Click.mp3"
        }
    },
    "sfxswitch":{
        "desc":"音效开关",
        "label":{
            "src":"./assets/ui/setting/img_shezhi_yingxiao.png",
            "pos":{
                "x":470,
                "y":325
            }
        },
        "switch":{
            "desc":"切换开关",
            "pos":{
                "x":570,
                "y":325
            },
            "bg":{
                "src":"./assets/ui/setting/v1/btn_shezhi_kaiguan01.png",
                "pos":{
                    "x":0,
                    "y":0
                }
            },
            "drag":{
                "src":"./assets/ui/setting/v1/btn_shezhi_kuaiguan02.png",
                "pos":{
                    "x":0,
                    "y":0
                },
                "posoff":{
                    "x":60,
                    "y":0
                }
            },
            "duration":100,
            "sfx":"assets/raw/Click.mp3"
        }
    }
}