[
    {
        "noticeName":"游戏公告",
        "noticeCate":0,
        "noticeList":[
            {
                "noticeid":114,
                "game":"《诈金花0》",
                "title":"xxx维护公告0",
                "content":"感谢惺惺惜惺惺惺惺惜惺惺惺惺惜惺惺下乡信息感谢惺惺惜惺惺惺惺惜惺惺惺惺惜惺惺下乡信息感谢惺惺惜惺惺惺惺惜惺惺惺惺惜惺惺下乡信息感谢惺惺惜惺惺惺惺惜惺惺惺惺惜惺惺下乡信息感谢惺惺惜惺惺惺惺惜惺惺惺惺惜惺惺下乡信息感谢惺惺惜惺惺惺惺惜惺惺惺惺惜惺惺下乡信息感谢惺惺惜惺惺惺惺惜惺惺惺惺惜惺惺下乡信息感谢惺惺惜惺惺惺惺惜惺惺惺惺惜惺惺下乡信息感谢惺惺惜惺惺惺惺惜惺惺惺惺惜惺惺下乡信息感谢惺惺惜惺惺惺惺惜惺惺惺惺惜惺惺下乡信息感谢惺惺惜惺惺惺惺惜惺惺惺惺惜惺惺下乡信息感谢惺惺惜惺惺惺惺惜惺惺惺惺惜惺惺下乡信息感谢惺惺惜惺惺惺惺惜惺惺惺惺惜惺惺下乡信息感谢惺惺惜惺惺惺惺惜惺惺惺惺惜惺惺下乡信息感谢惺惺惜惺惺惺惺惜惺惺惺惺惜惺惺下乡信息感谢惺惺惜惺惺惺惺惜惺惺惺惺惜惺惺下乡信息感谢惺惺惜惺惺惺惺惜惺惺惺惺惜惺惺下乡信息感谢惺惺惜惺惺惺惺惜惺惺惺惺惜惺惺下乡信息感谢惺惺惜惺惺惺惺惜惺惺惺惺惜惺惺下乡信息感谢惺惺惜惺惺惺惺惜惺惺惺惺惜惺惺下乡信息感谢惺惺惜惺惺惺惺惜惺惺惺惺惜惺惺下乡信息感谢惺惺惜惺惺惺惺惜惺惺惺惺惜惺惺下乡信息感谢惺惺惜惺惺惺惺惜惺惺惺惺惜惺惺下乡信息",
                "author":"博博乐团队\r\n20181109",
                "bRead":false
            },
            {
                "noticeid":115,
                "game":"《诈金花1》",
                "title":"xxx维护公告-1",
                "content":"感谢惺惺惜惺惺惺惺惜惺惺惺惺惜惺惺下乡信息-1",
                "author":"博博乐团队\r\n20181109-1",
                "bRead":false
            }
        ]
    },
    {
        "noticeName":"活动公告",
        "noticeCate":1,
        "noticeList":[
            {
                "noticeid":223,
                "game":"《诈金花2》",
                "title":"xxx活动公告0",
                "content":"感谢惺惺惜惺惺惺惺惜惺惺惺惺惜惺惺下乡信息",
                "author":"博博乐团队\r\n20181109",
                "type":1,
                "img":
                {
                    "src":"http://106games.com/repos/layaair/samples/res/apes/monkey2.png",
                    "size":{
                        "w":282,
                        "h":450
                    }
                },
                "bRead":false
            },
            {
                "noticeid":224,
                "game":"《诈金花3》",
                "title":"xxx活动公告-1",
                "content":"感谢惺惺惜惺惺惺惺惜惺惺惺惺惜惺惺下乡信息-1",
                "author":"博博乐团队\r\n20181109-1",
                "type":0,
                "bRead":false
            }
        ]
    }
]