{"skeleton":{"hash":"fjsFMRERTkuT8hwYp9RVinPtOR4","spine":"3.6.53","width":240.08,"height":217.5,"images":""},"bones":[{"name":"root"},{"name":"bone","parent":"root"},{"name":"狮子","parent":"bone","rotation":372,"x":-24.57,"y":-29.65},{"name":"眼睛","parent":"狮子","x":-3.58,"y":87.59},{"name":"背景和字","parent":"bone","x":3.68,"y":-3.65},{"name":"钱币","parent":"bone","x":9.87,"y":-7.92},{"name":"闪光1","parent":"bone","x":55.44,"y":33.8,"scaleX":1.3,"scaleY":1.3},{"name":"闪光2","parent":"bone","x":-88.74,"y":-34.83,"scaleX":1.3,"scaleY":1.3},{"name":"闪光3","parent":"bone","x":5.14,"y":-22.44,"scaleX":1.3,"scaleY":1.3},{"name":"闪光4","parent":"bone","x":36.72,"y":-5.31,"scaleX":1.5,"scaleY":1.5},{"name":"闪光5","parent":"bone","x":82.69,"y":-24.2,"scaleX":1.2,"scaleY":1.2}],"slots":[{"name":"切图/tubiaobeijing","bone":"背景和字","attachment":"切图/tubiaobeijing"},{"name":"切图/fuwa96846","bone":"狮子","attachment":"切图/fuwa96846"},{"name":"切图/facaiqianbi2673","bone":"钱币","attachment":"切图/facaiqianbi2673"},{"name":"背景和字","bone":"背景和字","attachment":"切图/icon/11"},{"name":"切图/闭眼狮子","bone":"眼睛","attachment":"切图/闭眼狮子"},{"name":"切图/光效存放/闪光2347567","bone":"闪光1","attachment":"切图/光效存放/闪光2347567","blend":"additive"},{"name":"切图/光效存放/闪光2347568","bone":"闪光2","attachment":"切图/光效存放/闪光2347567","blend":"additive"},{"name":"切图/光效存放/闪光2347569","bone":"闪光3","attachment":"切图/光效存放/闪光2347567","blend":"additive"},{"name":"切图/光效存放/闪光2347570","bone":"闪光4","attachment":"切图/光效存放/闪光2347567","blend":"additive"},{"name":"切图/光效存放/闪光2347571","bone":"闪光5","attachment":"切图/光效存放/闪光2347567","blend":"additive"}],"skins":{"default":{"切图/facaiqianbi2673":{"切图/facaiqianbi2673":{"width":201,"height":89}},"切图/fuwa96846":{"切图/fuwa96846":{"x":7.28,"y":51.65,"rotation":347.4,"width":170,"height":171}},"切图/tubiaobeijing":{"切图/tubiaobeijing":{"x":-5.26,"y":0.9,"scaleX":1.1,"scaleY":1.1,"width":201,"height":125}},"切图/光效存放/闪光2347567":{"切图/光效存放/闪光2347567":{"width":51,"height":51}},"切图/光效存放/闪光2347568":{"切图/光效存放/闪光2347567":{"width":51,"height":51}},"切图/光效存放/闪光2347569":{"切图/光效存放/闪光2347567":{"width":51,"height":51}},"切图/光效存放/闪光2347570":{"切图/光效存放/闪光2347567":{"width":51,"height":51}},"切图/光效存放/闪光2347571":{"切图/光效存放/闪光2347567":{"width":51,"height":51}},"切图/闭眼狮子":{"切图/闭眼狮子":{"x":1.01,"y":-13.62,"rotation":-12,"width":85,"height":50}},"背景和字":{"切图/icon/11":{"x":-5,"y":-66.08,"width":239,"height":78}}}},"animations":{"animation":{"slots":{"切图/光效存放/闪光2347567":{"color":[{"time":0,"color":"ffffff00"},{"time":0.5333,"color":"ffffffff"},{"time":1.0333,"color":"ffffff00"}]},"切图/光效存放/闪光2347568":{"color":[{"time":0,"color":"ffffff00"},{"time":1.2,"color":"ffffff00"},{"time":1.6667,"color":"ffffffff"},{"time":2.1333,"color":"ffffff00"}]},"切图/光效存放/闪光2347569":{"color":[{"time":0,"color":"ffffff00","curve":"stepped"},{"time":0.3333,"color":"ffffff00"},{"time":0.8333,"color":"ffffffff"},{"time":1.3333,"color":"ffffff00"}]},"切图/光效存放/闪光2347570":{"color":[{"time":0,"color":"ffffff00","curve":"stepped"},{"time":1.7667,"color":"ffffff00"},{"time":2.2667,"color":"ffffffff"},{"time":2.7667,"color":"ffffff00"}]},"切图/光效存放/闪光2347571":{"color":[{"time":0,"color":"ffffff00","curve":"stepped"},{"time":2.3,"color":"ffffff00"},{"time":2.8333,"color":"ffffffff"},{"time":3.3333,"color":"ffffff00"}]},"切图/闭眼狮子":{"color":[{"time":0,"color":"ffffff00"},{"time":0.0333,"color":"ffffffff","curve":"stepped"},{"time":0.1333,"color":"ffffffff"},{"time":0.1667,"color":"ffffff00","curve":"stepped"},{"time":0.2333,"color":"ffffff00"},{"time":0.2667,"color":"ffffffff","curve":"stepped"},{"time":0.3667,"color":"ffffffff"},{"time":0.4,"color":"ffffff00"}]}},"bones":{"狮子":{"translate":[{"time":0,"x":0,"y":0},{"time":0.5667,"x":0.41,"y":-1.95},{"time":1.1,"x":0,"y":0},{"time":1.6667,"x":0.41,"y":-1.95},{"time":2.2333,"x":0,"y":0},{"time":2.8,"x":0.41,"y":-1.95},{"time":3.3333,"x":0,"y":0}],"scale":[{"time":0,"x":1.01,"y":1,"curve":[0.25,0,0.75,1]},{"time":0.5667,"x":1,"y":0.98,"curve":[0.25,0,0.75,1]},{"time":1.1,"x":1.01,"y":1,"curve":[0.25,0,0.75,1]},{"time":1.6667,"x":1,"y":0.98,"curve":[0.25,0,0.75,1]},{"time":2.2333,"x":1.01,"y":1,"curve":[0.25,0,0.75,1]},{"time":2.8,"x":1,"y":0.98,"curve":[0.25,0,0.75,1]},{"time":3.3333,"x":1.01,"y":1}]},"闪光1":{"scale":[{"time":0,"x":0.538,"y":0.538,"curve":[0.25,0,0.75,1]},{"time":0.5333,"x":1.538,"y":1.538,"curve":[0.25,0,0.75,1]},{"time":1.0333,"x":0.538,"y":0.538}]},"闪光2":{"scale":[{"time":1.2,"x":0.538,"y":0.538},{"time":1.6667,"x":1.538,"y":1.538},{"time":2.1333,"x":0.538,"y":0.538}]},"闪光3":{"scale":[{"time":0.3333,"x":0.538,"y":0.538},{"time":0.8333,"x":1.538,"y":1.538},{"time":1.3333,"x":0.538,"y":0.538}]},"闪光4":{"scale":[{"time":1.7667,"x":0.533,"y":0.533},{"time":2.2667,"x":1.867,"y":1.867},{"time":2.7667,"x":0.533,"y":0.533}]},"闪光5":{"scale":[{"time":2.3,"x":0.583,"y":0.583},{"time":2.8333,"x":1.5,"y":1.5},{"time":3.3333,"x":0.583,"y":0.583}]}}}}}