{
    "desc":"所有游戏中需要加载的图片及音乐音效资源列表 IMAGE 图片 ATLAS 图集 SOUND 声音 TTF 字体文件 FONT 图形字体",
    "src":[
        {"url":"./brand/login_logo.png","type":"IMAGE"},
        {"url":"./brand/lobby_logo.png","type":"IMAGE"},
        
        {"url":"./assets/conf/attention.json","type":"JSON"},
        {"url":"./assets/conf/avator.json","type":"JSON"},
        {"url":"./assets/conf/avatorpad.json","type":"JSON"},
        {"url":"./assets/conf/bgbig.json","type":"JSON"},
        {"url":"./assets/conf/bottommenu.json","type":"JSON"},
        {"url":"./assets/conf/cloading.json","type":"JSON"},
        {"url":"./assets/conf/config.json","type":"JSON"},
        {"url":"./assets/conf/gameiconanim.json","type":"JSON"},
        {"url":"./assets/conf/gamepanel.json","type":"JSON"},
        {"url":"./assets/conf/helppad.json","type":"JSON"},
        {"url":"./assets/conf/history.json","type":"JSON"},
        {"url":"./assets/conf/loginreg.json","type":"JSON"},
        {"url":"./assets/conf/minemenus.json","type":"JSON"},
        {"url":"./assets/conf/music.json","type":"JSON"},
        {"url":"./assets/conf/nomoney.json","type":"JSON"},
        {"url":"./assets/conf/notice.json","type":"JSON"},
        {"url":"./assets/conf/NoticeDialog.json","type":"JSON"},
        {"url":"./assets/conf/roompanel.json","type":"JSON"},
        {"url":"./assets/conf/roomtitlebar.json","type":"JSON"},
        {"url":"./assets/conf/runningmsg.json","type":"JSON"},
        {"url":"./assets/conf/setting_v1.json","type":"JSON"},
        {"url":"./assets/conf/setting.json","type":"JSON"},
        {"url":"./assets/conf/testNoticeData.json","type":"JSON"},
        {"url":"./assets/conf/titlebar.json","type":"JSON"},
        {"url":"./assets/conf/toast.json","type":"JSON"},
        {"url":"./assets/conf/urls.json","type":"JSON"},
        {"url":"./assets/conf/version.json","type":"JSON"},

        {"url":"./assets/ui/avator/avatorFrame.png","type":"IMAGE"},
        {"url":"./assets/ui/avator/bgAvator.png","type":"IMAGE"},
        {"url":"./assets/ui/avator/bgCoin.png","type":"IMAGE"},
        {"url":"./assets/ui/avator/btn_add.png","type":"IMAGE"},
        {"url":"./assets/ui/avator/default.jpg","type":"IMAGE"},

        {"url":"./assets/ui/animation/btn_recharge/Reload.sk","type":"BUFFER"},
        {"url":"./assets/ui/animation/btn_recharge/Reload.png","type":"IMAGE"},
        {"url":"./assets/ui/avatorpad/touxiang.atlas","type":"ATLAS"},
        {"url":"./assets/ui/avatorpad/bgContent.png","type":"IMAGE"},
        {"url":"./assets/ui/avatorpad/bgDialog.png","type":"IMAGE"},
        {"url":"./assets/ui/avatorpad/btn_touxiang_queren_01.png","type":"IMAGE"},
        {"url":"./assets/ui/avatorpad/img_touxiang_touxiangkuang.png","type":"IMAGE"},
        {"url":"./assets/ui/avatorpad/img_touxiang_xuanzhongkuang.png","type":"IMAGE"},
        {"url":"./assets/ui/avatorpad/title.png","type":"IMAGE"},

        

        {"url":"./assets/ui/dialog/bgNotice.png","type":"IMAGE"},
        {"url":"./assets/ui/dialog/btn_recharge.png","type":"IMAGE"},
        {"url":"./assets/ui/dialog/btn_touxiang_guangbi.png","type":"IMAGE"},
        {"url":"./assets/ui/dialog/img_touxiang_dadi.png","type":"IMAGE"},
        {"url":"./assets/ui/dialog/lbNotice.png","type":"IMAGE"},

        {"url":"./assets/ui/game/arrow_00.png","type":"IMAGE"},
        {"url":"./assets/ui/game/bglobby.jpg","type":"IMAGE"},
        {"url":"./assets/ui/game/defaulticon.png","type":"IMAGE"},
        {"url":"./assets/ui/game/download_00.png","type":"IMAGE"},
        {"url":"./assets/ui/game/download_01.png","type":"IMAGE"},

        {"url":"./assets/ui/game/icon_game_06.png","type":"IMAGE"},
        {"url":"./assets/ui/game/icon_game_06_gray.png","type":"IMAGE"},
        {"url":"./assets/ui/game/icon_game_07.png","type":"IMAGE"},
        {"url":"./assets/ui/game/icon_game_07_gray.png","type":"IMAGE"},
        {"url":"./assets/ui/game/icon_game_08.png","type":"IMAGE"},
        {"url":"./assets/ui/game/icon_game_08_gray.png","type":"IMAGE"},
        {"url":"./assets/ui/game/icon_game_09.png","type":"IMAGE"},
        {"url":"./assets/ui/game/icon_game_09_gray.png","type":"IMAGE"},
        {"url":"./assets/ui/game/icon_game_bj_00.png","type":"IMAGE"},
        {"url":"./assets/ui/game/icon_game_bj_00_gray.png","type":"IMAGE"},
        {"url":"./assets/ui/game/icon_game_dt_00.png","type":"IMAGE"},
        {"url":"./assets/ui/game/icon_game_dt_00_gray.png","type":"IMAGE"},
        {"url":"./assets/ui/game/icon_game_rb_00.png","type":"IMAGE"},
        {"url":"./assets/ui/game/icon_game_rb_00_gray.png","type":"IMAGE"},
        {"url":"./assets/ui/game/img_dating_youxi_01.png","type":"IMAGE"},
        {"url":"./assets/ui/game/img_dating_youxi_01_gray.png","type":"IMAGE"},
        {"url":"./assets/ui/game/img_dating_youxi_02.png","type":"IMAGE"},
        {"url":"./assets/ui/game/img_dating_youxi_02_gray.png","type":"IMAGE"},
        {"url":"./assets/ui/game/img_dating_youxi_03.png","type":"IMAGE"},
        {"url":"./assets/ui/game/img_dating_youxi_03_gray.png","type":"IMAGE"},
        {"url":"./assets/ui/game/img_dating_youxi_04.png","type":"IMAGE"},
        {"url":"./assets/ui/game/img_dating_youxi_04_gray.png","type":"IMAGE"},
        {"url":"./assets/ui/game/img_dating_youxi_05.png","type":"IMAGE"},
        {"url":"./assets/ui/game/img_dating_youxi_05_gray.png","type":"IMAGE"},
        {"url":"./assets/ui/game/icon_game_10.png","type":"IMAGE"},
        {"url":"./assets/ui/game/icon_game_10_gray.png","type":"IMAGE"},

        {"url":"./assets/ui/animation/icons/icon_game_06_anim/jialebisuoha.png","type":"IMAGE"},
        {"url":"./assets/ui/animation/icons/icon_game_06_anim/jialebisuoha.sk","type":"BUFFER"},

        {"url":"./assets/ui/animation/icons/icon_game_07_anim/xy5z.png","type":"IMAGE"},
        {"url":"./assets/ui/animation/icons/icon_game_07_anim/xy5z.sk","type":"BUFFER"},

        {"url":"./assets/ui/animation/icons/icon_game_08_anim/hlhb.png","type":"IMAGE"},
        {"url":"./assets/ui/animation/icons/icon_game_08_anim/hlhb.sk","type":"BUFFER"},

        {"url":"./assets/ui/animation/icons/icon_game_09_anim/ddz.png","type":"IMAGE"},
        {"url":"./assets/ui/animation/icons/icon_game_09_anim/ddz.sk","type":"BUFFER"},

        {"url":"./assets/ui/animation/icons/icon_game_10_anim/jssc.png","type":"IMAGE"},
        {"url":"./assets/ui/animation/icons/icon_game_10_anim/jssc.sk","type":"BUFFER"},

        {"url":"./assets/ui/animation/icons/icon_game_bj_00_anim/21dian.png","type":"IMAGE"},
        {"url":"./assets/ui/animation/icons/icon_game_bj_00_anim/21dian.sk","type":"BUFFER"},

        {"url":"./assets/ui/animation/icons/icon_game_dt_00_anim/longhudou.png","type":"IMAGE"},
        {"url":"./assets/ui/animation/icons/icon_game_dt_00_anim/longhudou.sk","type":"BUFFER"},

        {"url":"./assets/ui/animation/icons/icon_game_rb_00_anim/hongheidazhan.png","type":"IMAGE"},
        {"url":"./assets/ui/animation/icons/icon_game_rb_00_anim/hongheidazhan.sk","type":"BUFFER"},

        {"url":"./assets/ui/animation/icons/img_dating_youxi_01_anim/zhajinhua.png","type":"IMAGE"},
        {"url":"./assets/ui/animation/icons/img_dating_youxi_01_anim/zhajinhua.sk","type":"BUFFER"},

        {"url":"./assets/ui/animation/icons/img_dating_youxi_02_anim/yazhuniuniu.png","type":"IMAGE"},
        {"url":"./assets/ui/animation/icons/img_dating_youxi_02_anim/yazhuniuniu.sk","type":"BUFFER"},

        {"url":"./assets/ui/animation/icons/img_dating_youxi_03_anim/tongbiniuniu.png","type":"IMAGE"},
        {"url":"./assets/ui/animation/icons/img_dating_youxi_03_anim/tongbiniuniu.sk","type":"BUFFER"},

        {"url":"./assets/ui/animation/icons/img_dating_youxi_05_anim/qznn.png","type":"IMAGE"},
        {"url":"./assets/ui/animation/icons/img_dating_youxi_05_anim/qznn.sk","type":"BUFFER"},

        {"url":"./assets/ui/game/icon_hot.png","type":"IMAGE"},
        {"url":"./assets/ui/game/img_dating_jingqingqidai.png","type":"IMAGE"},
        {"url":"./assets/ui/game/img_dating_renwu.png","type":"IMAGE"},
        {"url":"./assets/ui/game/img_dating_whz.png","type":"IMAGE"},
        {"url":"./assets/ui/game/img_dating_xinxing.png","type":"IMAGE"},
        
        {"url":"./assets/ui/history/bgContent.png","type":"IMAGE"},
        {"url":"./assets/ui/history/bottomNotice.png","type":"IMAGE"},
        {"url":"./assets/ui/history/titleName.png","type":"IMAGE"},
        {"url":"./assets/ui/history/titleTable.png","type":"IMAGE"},

        {"url":"./assets/ui/loading/progressbar.png","type":"IMAGE"},
        {"url":"./assets/ui/loading/progressbg.png","type":"IMAGE"},

        {"url":"./assets/ui/login/bgLogin.png","type":"IMAGE"},
        {"url":"./assets/ui/login/bgReg.png","type":"IMAGE"},
        {"url":"./assets/ui/login/bgScene.jpg","type":"IMAGE"},
        {"url":"./assets/ui/login/btn_login.png","type":"IMAGE"},
        {"url":"./assets/ui/login/btn_ok.png","type":"IMAGE"},
        {"url":"./assets/ui/login/btn_reg.png","type":"IMAGE"},
        {"url":"./assets/ui/login/inputbgLogin.png","type":"IMAGE"},
        {"url":"./assets/ui/login/inputbgReg.png","type":"IMAGE"},
        {"url":"./assets/ui/login/lb_name.png","type":"IMAGE"},
        {"url":"./assets/ui/login/lb_name_login.png","type":"IMAGE"},
        {"url":"./assets/ui/login/lb_phone.png","type":"IMAGE"},
        {"url":"./assets/ui/login/lb_pwd.png","type":"IMAGE"},
        {"url":"./assets/ui/login/lb_pwd_login.png","type":"IMAGE"},
        {"url":"./assets/ui/login/lb_pwdok.png","type":"IMAGE"},
        {"url":"./assets/ui/login/regTitle.png","type":"IMAGE"},

        {"url":"./assets/ui/login/star00.png","type":"IMAGE"},
        {"url":"./assets/ui/login/star01.png","type":"IMAGE"},
        {"url":"./assets/ui/login/star02.png","type":"IMAGE"},
        {"url":"./assets/ui/login/rostar00.png","type":"IMAGE"},

        {"url":"./assets/ui/animation/btn_mine/menu.sk","type":"BUFFER"},
        {"url":"./assets/ui/animation/btn_mine/menu.png","type":"IMAGE"},
        {"url":"./assets/ui/mine/bgMenus.png","type":"IMAGE"},
        {"url":"./assets/ui/mine/btn_account.png","type":"IMAGE"},
        {"url":"./assets/ui/mine/btn_custom.png","type":"IMAGE"},
        {"url":"./assets/ui/mine/btn_recharge.png","type":"IMAGE"},
        {"url":"./assets/ui/mine/btn_redraw.png","type":"IMAGE"},
        {"url":"./assets/ui/mine/btn_switch.png","type":"IMAGE"},

        {"url":"./assets/ui/notice/arrowBtns.png","type":"IMAGE"},
        {"url":"./assets/ui/notice/bgBtns.png","type":"IMAGE"},
        {"url":"./assets/ui/notice/bgContent.png","type":"IMAGE"},
        {"url":"./assets/ui/notice/bgLabel.png","type":"IMAGE"},
        {"url":"./assets/ui/notice/bgNoticeTitle.png","type":"IMAGE"},
        {"url":"./assets/ui/notice/bgRunningmsg.png","type":"IMAGE"},
        {"url":"./assets/ui/notice/btn_attention_00.png","type":"IMAGE"},
        {"url":"./assets/ui/notice/btn_attention_01.png","type":"IMAGE"},
        {"url":"./assets/ui/notice/btn_hdgg_00.png","type":"IMAGE"},
        {"url":"./assets/ui/notice/btn_hdgg_01.png","type":"IMAGE"},
        {"url":"./assets/ui/notice/btn_yxgg_00.png","type":"IMAGE"},
        {"url":"./assets/ui/notice/btn_yxgg_01.png","type":"IMAGE"},
        {"url":"./assets/ui/notice/fu_00.png","type":"IMAGE"},
        {"url":"./assets/ui/notice/fu_01.png","type":"IMAGE"},
        {"url":"./assets/ui/notice/lbTitle.png","type":"IMAGE"},
        {"url":"./assets/ui/notice/markNew.png","type":"IMAGE"},

        {"url":"./assets/ui/room/bottommenu/btn_history.png","type":"IMAGE"},
        {"url":"./assets/ui/room/bottommenu/btn_redraw.png","type":"IMAGE"},
        {"url":"./assets/ui/room/bottommenu/btn_rule.png","type":"IMAGE"},

        {"url":"./assets/ui/room/titlebar/btn_back.png","type":"IMAGE"},
        {"url":"./assets/ui/room/titlebar/lb_21.png","type":"IMAGE"},
        {"url":"./assets/ui/room/titlebar/lb_dp.png","type":"IMAGE"},
        {"url":"./assets/ui/room/titlebar/lb_dt.png","type":"IMAGE"},
        {"url":"./assets/ui/room/titlebar/lb_qz.png","type":"IMAGE"},
        {"url":"./assets/ui/room/titlebar/lb_rb.png","type":"IMAGE"},
        {"url":"./assets/ui/room/titlebar/lb_tb.png","type":"IMAGE"},
        {"url":"./assets/ui/room/titlebar/lb_yz.png","type":"IMAGE"},
        {"url":"./assets/ui/room/titlebar/lb_zjh.png","type":"IMAGE"},

        {"url":"./assets/ui/room/room_status_00.png","type":"IMAGE"},
        {"url":"./assets/ui/room/room_status_01.png","type":"IMAGE"},
        {"url":"./assets/ui/room/room_status_02.png","type":"IMAGE"},
        {"url":"./assets/ui/room/room_status_03.png","type":"IMAGE"},
        {"url":"./assets/ui/room/room00.png","type":"IMAGE"},
        {"url":"./assets/ui/room/room00_gray.png","type":"IMAGE"},
        {"url":"./assets/ui/room/room01.png","type":"IMAGE"},
        {"url":"./assets/ui/room/room01_gray.png","type":"IMAGE"},
        {"url":"./assets/ui/room/room02.png","type":"IMAGE"},
        {"url":"./assets/ui/room/room02_gray.png","type":"IMAGE"},
        {"url":"./assets/ui/room/room03.png","type":"IMAGE"},
        {"url":"./assets/ui/room/room03_gray.png","type":"IMAGE"},

        {"url":"./assets/ui/rule/bgContent.png","type":"IMAGE"},
        {"url":"./assets/ui/rule/bgTitle.png","type":"IMAGE"},
        {"url":"./assets/ui/rule/btn_guanyu_00.png","type":"IMAGE"},
        {"url":"./assets/ui/rule/btn_guanyu_01.png","type":"IMAGE"},
        {"url":"./assets/ui/rule/btn_jiesuan_00.png","type":"IMAGE"},
        {"url":"./assets/ui/rule/btn_jiesuan_01.png","type":"IMAGE"},
        {"url":"./assets/ui/rule/btn_paixing_00.png","type":"IMAGE"},
        {"url":"./assets/ui/rule/btn_paixing_01.png","type":"IMAGE"},
        {"url":"./assets/ui/rule/btn_wanfa_00.png","type":"IMAGE"},
        {"url":"./assets/ui/rule/btn_wanfa_01.png","type":"IMAGE"},
        {"url":"./assets/ui/rule/ct_guanyu.png","type":"IMAGE"},
        {"url":"./assets/ui/rule/ct_jiesuan.png","type":"IMAGE"},
        {"url":"./assets/ui/rule/ct_paixing.png","type":"IMAGE"},
        {"url":"./assets/ui/rule/ct_paixing2.png","type":"IMAGE"},
        {"url":"./assets/ui/rule/ct_wanfa.png","type":"IMAGE"},
        {"url":"./assets/ui/rule/title.png","type":"IMAGE"},
        {"url":"./assets/ui/rule/vlineTitle.png","type":"IMAGE"},

        {"url":"./assets/ui/setting/bg.png","type":"IMAGE"},
        {"url":"./assets/ui/setting/btn_switch0.png","type":"IMAGE"},
        {"url":"./assets/ui/setting/btn_switch1.png","type":"IMAGE"},
        {"url":"./assets/ui/setting/icon_music.png","type":"IMAGE"},
        {"url":"./assets/ui/setting/icon_sfx.png","type":"IMAGE"},
        {"url":"./assets/ui/setting/lb_music.png","type":"IMAGE"},
        {"url":"./assets/ui/setting/lb_sfx.png","type":"IMAGE"},
        {"url":"./assets/ui/setting/pgBar.png","type":"IMAGE"},
        {"url":"./assets/ui/setting/pgBg.png","type":"IMAGE"},
        {"url":"./assets/ui/setting/title.png","type":"IMAGE"},

        {"url":"./assets/ui/titlebar/btn_notice.png","type":"IMAGE"},
        {"url":"./assets/ui/titlebar/btn_setting.png","type":"IMAGE"},

        {"url":"./assets/ui/toast/img_com_tips_176.png","type":"IMAGE"},

        {"url":"./assets/ui/version/bgVersion.png","type":"IMAGE"}
    ]
}