{
    "version":{
        "desc":"加载版本控制",
        "value":"0002",
        "bdebug":false
    },
    "Loading":{
        "desc":"装载界面",
        "bg":{
            "anim":{
                "textPath":"./assets/ui/animation/loadingpage_newyear/loadingpage_newyear.png",
                "animPath":"./assets/ui/animation/loadingpage_newyear/loadingpage_newyear.sk",
                "playSpeed":1,
                "loop":true,
                "pos":{ "x":667, "y":375 }
            }
        },
        "fireworks":{
            "desc":"加载界面的烟花特效",
            "num":5,
            "anim":{
                "textPath":"./assets/ui/animation/yanhua/yanhua.png",
                "animPath":"./assets/ui/animation/yanhua/yanhua.sk",
                "playSpeed":1,
                "loop":true,
                "pos":{ "x":0, "y":0 }
            },
            "timeOffset":500,
            "maxspd":1.5,
            "minspd":0.8,
            "pos":{
                "maxx":1134,
                "minx":100,
                "maxy":400,
                "miny":0
            },
            "color":[
                [
                    1, 0, 0, 0, 0, 0, 0.803921568627451, 0, 0, 0, 0, 0, 0.5450980392156863, 0, 0, 0, 0, 0, 1, 0
                ],
                [
                    0.8862745098039215, 0, 0, 0, 0, 0, 1, 0, 0, 0, 0, 0, 0.5450980392156863, 0, 0, 0, 0, 0, 1, 0
                ],
                [
                    0.5450980392156863, 0, 0, 0, 0, 0, 0.9215686274509804, 0, 0, 0, 0, 0, 1, 0, 0, 0, 0, 0, 1, 0
                ],
                [
                    0.996078431372549, 0, 0, 0, 0, 0, 0.5450980392156863, 0, 0, 0, 0, 0, 1, 0, 0, 0, 0, 0, 1, 0
                ],
                [
                    1,0,0,0,0,
                    0,1,0,0,0,
                    0,0,0,0,0,
                    0,0,0,1,0
                ]
            ]
        },
        "progressbar":{
            "desc":"进度条配置",
            "pos":{ "x":0, "y":600 },
            "lbinfo":{
                "desc":"信息描述",
                "pretext":"加载中...",
                "borderColorX":"#ff0000",
                "fontcolor":"#25b17b",
                "errorcolor":"#25b17b",
                "fontsize":24,
                "align":"right",
                "valign":"middle",
                "wrap":false,
                "underline":false,
                "size":{ "w":200, "h":30 },
                "pos":{ "x":467, "y":0 }
            },
            "lbpercent":{
                "desc":"加载进度百分比展示字符",
                "pretext":"",
                "fontsize":24,
                "fontcolor":"#0eff96",
                "align":"left",
                "valign":"middle",
                "wrap":false,
                "underline":false,
                "borderColorX":"#ff0000",
                "pos":{ "x":667, "y":0 },
                "size":{ "w":200, "h":30 }
            },
            "bg":{
                "src":"./assets/ui/loading/progressbg.png",
                "pos":{ "x":244.5, "y":40 },
                "rect":{ "w":845, "h":29, "r":2, "fillcolor":"#ffffff" },
                "size":{
                    "w":845,
                    "h":29,
                    "spliceX":{
                        "lw":10,
                        "cw":20,
                        "rw":10,
                        "cwid":430
                    }
                }
            },
            "front":{
                "src":"./assets/ui/loading/progressbar.png",
                "pos":{ "x":244.5, "y":40 },
                "rect":{ "w":840, "h":17, "r":2, "fillcolor":"#00ff00" },
                "size":{
                    "w":840,
                    "h":17,
                    "spliceX":{
                        "lw":10,
                        "cw":20,
                        "rw":10,
                        "cwid":430
                    }
                }
            },
            "effect":{
                "src":"./assets/ui/loading/barEffect.png",
                "pos":{ "x":244.5, "y":40 },
                "size":{"w":35,"h":17},
                "offset":{"x":5,"y":0}
            },
            "pivot":{ "x":0, "y":0 }
        },
        "extinfo":{
            "src":"./assets/ui/loading/launchinfo.png",
            "pos":{"x":34.5,"y":710}
        }
    },
    "preload":[
        {"url":"./assets/ui/animation/loadingpage_newyear/loadingpage_newyear.sk","type":"BUFFER"},
        {"url":"./assets/ui/animation/loadingpage_newyear/loadingpage_newyear.png","type":"IMAGE"},

        {"url":"./assets/ui/animation/yanhua/yanhua.sk","type":"BUFFER"},
        {"url":"./assets/ui/animation/yanhua/yanhua.png","type":"IMAGE"},

        {"url":"./assets/ui/loading/progressbg.png","type":"IMAGE"},
        {"url":"./assets/ui/loading/progressbar.png","type":"IMAGE"},
        {"url":"./assets/ui/loading/launchinfo.png","type":"IMAGE"},
        {"url":"./assets/ui/loading/barEffect.png","type":"IMAGE"}
    ]
}