{"skeleton":{"hash":"63rqteAkS2bVlnDMOhaph0WoYoU","spine":"3.6.53","width":233,"height":239.93,"images":""},"bones":[{"name":"root"},{"name":"bone","parent":"root"},{"name":"旋转光效","parent":"bone","y":-18.36,"scaleX":1.4,"scaleY":1.4},{"name":"筛子","parent":"bone","x":-4.13,"y":-40.56},{"name":"红包","parent":"bone","x":-2.08,"y":26.47},{"name":"红包流光","parent":"红包","x":-1,"y":24,"scaleX":2,"scaleY":2},{"name":"背景字体","parent":"bone","x":-2.05,"y":-2.62}],"slots":[{"name":"切图/tubiaobeijing","bone":"背景字体","attachment":"切图/tubiaobeijing"},{"name":"切图/huanlehongbao","bone":"红包","attachment":"切图/huanlehongbao"},{"name":"切图/光效存放/黄色放射背景光","bone":"旋转光效","attachment":"切图/光效存放/黄色放射背景光","blend":"additive"},{"name":"切图/光效存放/红包流光_00001","bone":"红包流光","attachment":"切图/光效存放/红包流光_00011"},{"name":"切图/saizi","bone":"筛子","attachment":"切图/saizi"},{"name":"背景字体","bone":"背景字体","attachment":"切图/icon/10"}],"skins":{"default":{"切图/huanlehongbao":{"切图/huanlehongbao":{"width":174,"height":162}},"切图/saizi":{"切图/saizi":{"width":190,"height":128}},"切图/tubiaobeijing":{"切图/tubiaobeijing":{"width":201,"height":125}},"切图/光效存放/红包流光_00001":{"切图/光效存放/红包流光_00001":{"width":90,"height":50},"切图/光效存放/红包流光_00003":{"width":90,"height":50},"切图/光效存放/红包流光_00005":{"width":90,"height":50},"切图/光效存放/红包流光_00007":{"width":90,"height":50},"切图/光效存放/红包流光_00009":{"width":90,"height":50},"切图/光效存放/红包流光_00011":{"width":90,"height":50}},"切图/光效存放/黄色放射背景光":{"切图/光效存放/黄色放射背景光":{"width":163,"height":163}},"背景字体":{"切图/icon/10":{"x":1.85,"y":-67.67,"width":233,"height":78}}}},"animations":{"animation":{"slots":{"切图/光效存放/红包流光_00001":{"color":[{"time":0,"color":"ffffffb1"},{"time":0.6667,"color":"ffffffa8"},{"time":1,"color":"ffffff00"}],"attachment":[{"time":0,"name":"切图/光效存放/红包流光_00001"},{"time":0.1333,"name":"切图/光效存放/红包流光_00003"},{"time":0.2667,"name":"切图/光效存放/红包流光_00005"},{"time":0.4,"name":"切图/光效存放/红包流光_00007"},{"time":0.5333,"name":"切图/光效存放/红包流光_00009"},{"time":0.6667,"name":"切图/光效存放/红包流光_00011"}]},"切图/光效存放/黄色放射背景光":{"color":[{"time":0,"color":"ffffff00"},{"time":1,"color":"ffffffdb"},{"time":2,"color":"ffffff00"}]}},"bones":{"红包":{"rotate":[{"time":0,"angle":0,"curve":"stepped"},{"time":2,"angle":0}],"translate":[{"time":0,"x":0,"y":0,"curve":[0.25,0,0.75,1]},{"time":1,"x":0,"y":4.3,"curve":[0.25,0,0.75,1]},{"time":2,"x":0,"y":0}],"scale":[{"time":0,"x":1,"y":1,"curve":"stepped"},{"time":2,"x":1,"y":1}],"shear":[{"time":0,"x":0,"y":0,"curve":"stepped"},{"time":2,"x":0,"y":0}]},"筛子":{"rotate":[{"time":0,"angle":359.4,"curve":[0.25,0,0.75,1]},{"time":1,"angle":2.6,"curve":[0.25,0,0.75,1]},{"time":2,"angle":359.4}],"translate":[{"time":0,"x":0,"y":0},{"time":1,"x":-0.02,"y":1},{"time":2,"x":0,"y":0}],"scale":[{"time":0,"x":1,"y":1,"curve":"stepped"},{"time":2,"x":1,"y":1}],"shear":[{"time":0,"x":0,"y":0,"curve":"stepped"},{"time":2,"x":0,"y":0}]},"旋转光效":{"rotate":[{"time":0,"angle":0,"curve":"stepped"},{"time":2,"angle":0}],"translate":[{"time":0,"x":0,"y":0,"curve":"stepped"},{"time":2,"x":0,"y":0}],"scale":[{"time":0,"x":1,"y":1},{"time":1,"x":1.071,"y":1.071},{"time":2,"x":1,"y":1}],"shear":[{"time":0,"x":0,"y":0,"curve":"stepped"},{"time":2,"x":0,"y":0}]},"背景字体":{"rotate":[{"time":0,"angle":0,"curve":"stepped"},{"time":2,"angle":0}],"translate":[{"time":0,"x":0,"y":0,"curve":"stepped"},{"time":2,"x":0,"y":0}],"scale":[{"time":0,"x":1,"y":1,"curve":"stepped"},{"time":2,"x":1,"y":1}],"shear":[{"time":0,"x":0,"y":0,"curve":"stepped"},{"time":2,"x":0,"y":0}]}}}}}