{"skeleton":{"hash":"OrvGhCRwAxPT0yFNj9NpfWpJyqM","spine":"3.6.53","width":512,"height":512,"images":"./spine图素/"},"bones":[{"name":"root"},{"name":"流光","parent":"root","x":0.61,"y":-9.74},{"name":"火焰","parent":"root","x":0.61,"y":-9.74}],"slots":[{"name":"2","bone":"root","attachment":"2"},{"name":"流光_T00000","bone":"流光","attachment":"流光_T00010","blend":"additive"},{"name":"火焰_T00000","bone":"火焰","attachment":"火焰_T00019","blend":"additive"}],"skins":{"default":{"2":{"2":{"width":235,"height":215}},"流光_T00000":{"流光_T00000":{"width":512,"height":512},"流光_T00001":{"width":512,"height":512},"流光_T00002":{"width":512,"height":512},"流光_T00003":{"width":512,"height":512},"流光_T00004":{"width":512,"height":512},"流光_T00005":{"width":512,"height":512},"流光_T00006":{"width":512,"height":512},"流光_T00007":{"width":512,"height":512},"流光_T00008":{"width":512,"height":512},"流光_T00009":{"width":512,"height":512},"流光_T00010":{"width":512,"height":512}},"火焰_T00000":{"火焰_T00000":{"width":512,"height":512},"火焰_T00001":{"width":512,"height":512},"火焰_T00002":{"width":512,"height":512},"火焰_T00003":{"width":512,"height":512},"火焰_T00004":{"width":512,"height":512},"火焰_T00005":{"width":512,"height":512},"火焰_T00006":{"width":512,"height":512},"火焰_T00007":{"width":512,"height":512},"火焰_T00008":{"width":512,"height":512},"火焰_T00009":{"width":512,"height":512},"火焰_T00010":{"width":512,"height":512},"火焰_T00011":{"width":512,"height":512},"火焰_T00012":{"width":512,"height":512},"火焰_T00013":{"width":512,"height":512},"火焰_T00014":{"width":512,"height":512},"火焰_T00015":{"width":512,"height":512},"火焰_T00016":{"width":512,"height":512},"火焰_T00017":{"width":512,"height":512},"火焰_T00018":{"width":512,"height":512},"火焰_T00019":{"width":512,"height":512}}}},"animations":{"animation":{"slots":{"2":{"attachment":[{"time":0,"name":"2"},{"time":1.3667,"name":"2"}]},"流光_T00000":{"attachment":[{"time":0,"name":"流光_T00010"},{"time":0.0333,"name":"流光_T00000"},{"time":0.0667,"name":"流光_T00001"},{"time":0.1,"name":"流光_T00002"},{"time":0.1333,"name":"流光_T00003"},{"time":0.1667,"name":"流光_T00004"},{"time":0.2,"name":"流光_T00005"},{"time":0.2333,"name":"流光_T00006"},{"time":0.2667,"name":"流光_T00007"},{"time":0.3,"name":"流光_T00008"},{"time":0.3333,"name":"流光_T00009"},{"time":0.3667,"name":"流光_T00010"},{"time":0.4,"name":"流光_T00010"},{"time":1.3667,"name":null}]},"火焰_T00000":{"attachment":[{"time":0,"name":"火焰_T00019"},{"time":0.0333,"name":"火焰_T00000"},{"time":0.0667,"name":"火焰_T00001"},{"time":0.1,"name":"火焰_T00002"},{"time":0.1333,"name":"火焰_T00003"},{"time":0.1667,"name":"火焰_T00004"},{"time":0.2,"name":"火焰_T00005"},{"time":0.2333,"name":"火焰_T00006"},{"time":0.2667,"name":"火焰_T00007"},{"time":0.3,"name":"火焰_T00008"},{"time":0.3333,"name":"火焰_T00009"},{"time":0.3667,"name":"火焰_T00010"},{"time":0.4,"name":"火焰_T00011"},{"time":0.4333,"name":"火焰_T00012"},{"time":0.4667,"name":"火焰_T00013"},{"time":0.5,"name":"火焰_T00014"},{"time":0.5333,"name":"火焰_T00015"},{"time":0.5667,"name":"火焰_T00016"},{"time":0.6,"name":"火焰_T00017"},{"time":0.6333,"name":"火焰_T00018"},{"time":0.6667,"name":"火焰_T00019"},{"time":0.7,"name":"火焰_T00000"},{"time":0.7333,"name":"火焰_T00001"},{"time":0.7667,"name":"火焰_T00002"},{"time":0.8,"name":"火焰_T00003"},{"time":0.8333,"name":"火焰_T00004"},{"time":0.8667,"name":"火焰_T00005"},{"time":0.9,"name":"火焰_T00006"},{"time":0.9333,"name":"火焰_T00007"},{"time":0.9667,"name":"火焰_T00008"},{"time":1,"name":"火焰_T00009"},{"time":1.0333,"name":"火焰_T00010"},{"time":1.0667,"name":"火焰_T00011"},{"time":1.1,"name":"火焰_T00012"},{"time":1.1333,"name":"火焰_T00013"},{"time":1.1667,"name":"火焰_T00014"},{"time":1.2,"name":"火焰_T00015"},{"time":1.2333,"name":"火焰_T00016"},{"time":1.2667,"name":"火焰_T00017"},{"time":1.3,"name":"火焰_T00018"},{"time":1.3333,"name":"火焰_T00019"},{"time":1.3667,"name":null}]}},"bones":{"root":{"rotate":[{"time":0,"angle":0,"curve":"stepped"},{"time":1.3667,"angle":0}],"translate":[{"time":0,"x":0,"y":0,"curve":"stepped"},{"time":1.3667,"x":0,"y":0}],"scale":[{"time":0,"x":1,"y":1,"curve":"stepped"},{"time":1.3667,"x":1,"y":1}],"shear":[{"time":0,"x":0,"y":0,"curve":"stepped"},{"time":1.3667,"x":0,"y":0}]},"流光":{"rotate":[{"time":0,"angle":0,"curve":"stepped"},{"time":0.0333,"angle":0,"curve":"stepped"},{"time":0.0667,"angle":0,"curve":"stepped"},{"time":0.1,"angle":0,"curve":"stepped"},{"time":0.1333,"angle":0,"curve":"stepped"},{"time":0.1667,"angle":0,"curve":"stepped"},{"time":0.2,"angle":0,"curve":"stepped"},{"time":0.2333,"angle":0,"curve":"stepped"},{"time":0.2667,"angle":0,"curve":"stepped"},{"time":0.3,"angle":0,"curve":"stepped"},{"time":0.3333,"angle":0,"curve":"stepped"},{"time":0.3667,"angle":0,"curve":"stepped"},{"time":0.4,"angle":0,"curve":"stepped"},{"time":1.3667,"angle":0}],"translate":[{"time":0,"x":0,"y":0,"curve":"stepped"},{"time":0.0333,"x":0,"y":0,"curve":"stepped"},{"time":0.0667,"x":0,"y":0,"curve":"stepped"},{"time":0.1,"x":0,"y":0,"curve":"stepped"},{"time":0.1333,"x":0,"y":0,"curve":"stepped"},{"time":0.1667,"x":0,"y":0,"curve":"stepped"},{"time":0.2,"x":0,"y":0,"curve":"stepped"},{"time":0.2333,"x":0,"y":0,"curve":"stepped"},{"time":0.2667,"x":0,"y":0,"curve":"stepped"},{"time":0.3,"x":0,"y":0,"curve":"stepped"},{"time":0.3333,"x":0,"y":0,"curve":"stepped"},{"time":0.3667,"x":0,"y":0,"curve":"stepped"},{"time":0.4,"x":0,"y":0,"curve":"stepped"},{"time":1.3667,"x":0,"y":0}],"scale":[{"time":0,"x":1,"y":1,"curve":"stepped"},{"time":0.0333,"x":1,"y":1,"curve":"stepped"},{"time":0.0667,"x":1,"y":1,"curve":"stepped"},{"time":0.1,"x":1,"y":1,"curve":"stepped"},{"time":0.1333,"x":1,"y":1,"curve":"stepped"},{"time":0.1667,"x":1,"y":1,"curve":"stepped"},{"time":0.2,"x":1,"y":1,"curve":"stepped"},{"time":0.2333,"x":1,"y":1,"curve":"stepped"},{"time":0.2667,"x":1,"y":1,"curve":"stepped"},{"time":0.3,"x":1,"y":1,"curve":"stepped"},{"time":0.3333,"x":1,"y":1,"curve":"stepped"},{"time":0.3667,"x":1,"y":1,"curve":"stepped"},{"time":0.4,"x":1,"y":1,"curve":"stepped"},{"time":1.3667,"x":1,"y":1}],"shear":[{"time":0,"x":0,"y":0,"curve":"stepped"},{"time":0.0333,"x":0,"y":0,"curve":"stepped"},{"time":0.0667,"x":0,"y":0,"curve":"stepped"},{"time":0.1,"x":0,"y":0,"curve":"stepped"},{"time":0.1333,"x":0,"y":0,"curve":"stepped"},{"time":0.1667,"x":0,"y":0,"curve":"stepped"},{"time":0.2,"x":0,"y":0,"curve":"stepped"},{"time":0.2333,"x":0,"y":0,"curve":"stepped"},{"time":0.2667,"x":0,"y":0,"curve":"stepped"},{"time":0.3,"x":0,"y":0,"curve":"stepped"},{"time":0.3333,"x":0,"y":0,"curve":"stepped"},{"time":0.3667,"x":0,"y":0,"curve":"stepped"},{"time":0.4,"x":0,"y":0,"curve":"stepped"},{"time":1.3667,"x":0,"y":0}]},"火焰":{"rotate":[{"time":0,"angle":0,"curve":"stepped"},{"time":0.0333,"angle":0,"curve":"stepped"},{"time":0.0667,"angle":0,"curve":"stepped"},{"time":0.1,"angle":0,"curve":"stepped"},{"time":0.1333,"angle":0,"curve":"stepped"},{"time":0.1667,"angle":0,"curve":"stepped"},{"time":0.2,"angle":0,"curve":"stepped"},{"time":0.2333,"angle":0,"curve":"stepped"},{"time":0.2667,"angle":0,"curve":"stepped"},{"time":0.3,"angle":0,"curve":"stepped"},{"time":0.3333,"angle":0,"curve":"stepped"},{"time":0.3667,"angle":0,"curve":"stepped"},{"time":0.4,"angle":0,"curve":"stepped"},{"time":0.4333,"angle":0,"curve":"stepped"},{"time":0.4667,"angle":0,"curve":"stepped"},{"time":0.5,"angle":0,"curve":"stepped"},{"time":0.5333,"angle":0,"curve":"stepped"},{"time":0.5667,"angle":0,"curve":"stepped"},{"time":0.6,"angle":0,"curve":"stepped"},{"time":0.6333,"angle":0,"curve":"stepped"},{"time":0.6667,"angle":0,"curve":"stepped"},{"time":0.7,"angle":0,"curve":"stepped"},{"time":0.7333,"angle":0,"curve":"stepped"},{"time":0.7667,"angle":0,"curve":"stepped"},{"time":0.8,"angle":0,"curve":"stepped"},{"time":0.8333,"angle":0,"curve":"stepped"},{"time":0.8667,"angle":0,"curve":"stepped"},{"time":0.9,"angle":0,"curve":"stepped"},{"time":0.9333,"angle":0,"curve":"stepped"},{"time":0.9667,"angle":0,"curve":"stepped"},{"time":1,"angle":0,"curve":"stepped"},{"time":1.0333,"angle":0,"curve":"stepped"},{"time":1.0667,"angle":0,"curve":"stepped"},{"time":1.1,"angle":0,"curve":"stepped"},{"time":1.1333,"angle":0,"curve":"stepped"},{"time":1.1667,"angle":0,"curve":"stepped"},{"time":1.2,"angle":0,"curve":"stepped"},{"time":1.2333,"angle":0,"curve":"stepped"},{"time":1.2667,"angle":0,"curve":"stepped"},{"time":1.3,"angle":0,"curve":"stepped"},{"time":1.3333,"angle":0,"curve":"stepped"},{"time":1.3667,"angle":0}],"translate":[{"time":0,"x":0,"y":0,"curve":"stepped"},{"time":0.0333,"x":0,"y":0,"curve":"stepped"},{"time":0.0667,"x":0,"y":0,"curve":"stepped"},{"time":0.1,"x":0,"y":0,"curve":"stepped"},{"time":0.1333,"x":0,"y":0,"curve":"stepped"},{"time":0.1667,"x":0,"y":0,"curve":"stepped"},{"time":0.2,"x":0,"y":0,"curve":"stepped"},{"time":0.2333,"x":0,"y":0,"curve":"stepped"},{"time":0.2667,"x":0,"y":0,"curve":"stepped"},{"time":0.3,"x":0,"y":0,"curve":"stepped"},{"time":0.3333,"x":0,"y":0},{"time":0.3667,"x":0,"y":-1},{"time":0.4,"x":0,"y":-0.97},{"time":0.4333,"x":0,"y":-0.93},{"time":0.4667,"x":0,"y":-0.9},{"time":0.5,"x":0,"y":-0.87},{"time":0.5333,"x":0,"y":-0.83},{"time":0.5667,"x":0,"y":-0.8},{"time":0.6,"x":0,"y":-0.77},{"time":0.6333,"x":0,"y":-0.73},{"time":0.6667,"x":0,"y":-0.7},{"time":0.7,"x":0,"y":-0.67},{"time":0.7333,"x":0,"y":-0.63},{"time":0.7667,"x":0,"y":-0.6},{"time":0.8,"x":0,"y":-0.57},{"time":0.8333,"x":0,"y":-0.53},{"time":0.8667,"x":0,"y":-0.5},{"time":0.9,"x":0,"y":-0.47},{"time":0.9333,"x":0,"y":-0.43},{"time":0.9667,"x":0,"y":-0.4},{"time":1,"x":0,"y":-0.37},{"time":1.0333,"x":0,"y":-0.33},{"time":1.0667,"x":0,"y":-0.3},{"time":1.1,"x":0,"y":-0.27},{"time":1.1333,"x":0,"y":-0.23},{"time":1.1667,"x":0,"y":-0.2},{"time":1.2,"x":0,"y":-0.17},{"time":1.2333,"x":0,"y":-0.13},{"time":1.2667,"x":0,"y":-0.1},{"time":1.3,"x":0,"y":-0.07},{"time":1.3333,"x":0,"y":-0.03},{"time":1.3667,"x":0,"y":0}],"scale":[{"time":0,"x":1,"y":1,"curve":"stepped"},{"time":0.0333,"x":1,"y":1,"curve":"stepped"},{"time":0.0667,"x":1,"y":1,"curve":"stepped"},{"time":0.1,"x":1,"y":1,"curve":"stepped"},{"time":0.1333,"x":1,"y":1,"curve":"stepped"},{"time":0.1667,"x":1,"y":1,"curve":"stepped"},{"time":0.2,"x":1,"y":1,"curve":"stepped"},{"time":0.2333,"x":1,"y":1,"curve":"stepped"},{"time":0.2667,"x":1,"y":1,"curve":"stepped"},{"time":0.3,"x":1,"y":1,"curve":"stepped"},{"time":0.3333,"x":1,"y":1,"curve":"stepped"},{"time":0.3667,"x":1,"y":1,"curve":"stepped"},{"time":0.4,"x":1,"y":1,"curve":"stepped"},{"time":0.4333,"x":1,"y":1,"curve":"stepped"},{"time":0.4667,"x":1,"y":1,"curve":"stepped"},{"time":0.5,"x":1,"y":1,"curve":"stepped"},{"time":0.5333,"x":1,"y":1,"curve":"stepped"},{"time":0.5667,"x":1,"y":1,"curve":"stepped"},{"time":0.6,"x":1,"y":1,"curve":"stepped"},{"time":0.6333,"x":1,"y":1,"curve":"stepped"},{"time":0.6667,"x":1,"y":1,"curve":"stepped"},{"time":0.7,"x":1,"y":1,"curve":"stepped"},{"time":0.7333,"x":1,"y":1,"curve":"stepped"},{"time":0.7667,"x":1,"y":1,"curve":"stepped"},{"time":0.8,"x":1,"y":1,"curve":"stepped"},{"time":0.8333,"x":1,"y":1,"curve":"stepped"},{"time":0.8667,"x":1,"y":1,"curve":"stepped"},{"time":0.9,"x":1,"y":1,"curve":"stepped"},{"time":0.9333,"x":1,"y":1,"curve":"stepped"},{"time":0.9667,"x":1,"y":1,"curve":"stepped"},{"time":1,"x":1,"y":1,"curve":"stepped"},{"time":1.0333,"x":1,"y":1,"curve":"stepped"},{"time":1.0667,"x":1,"y":1,"curve":"stepped"},{"time":1.1,"x":1,"y":1,"curve":"stepped"},{"time":1.1333,"x":1,"y":1,"curve":"stepped"},{"time":1.1667,"x":1,"y":1,"curve":"stepped"},{"time":1.2,"x":1,"y":1,"curve":"stepped"},{"time":1.2333,"x":1,"y":1,"curve":"stepped"},{"time":1.2667,"x":1,"y":1,"curve":"stepped"},{"time":1.3,"x":1,"y":1,"curve":"stepped"},{"time":1.3333,"x":1,"y":1,"curve":"stepped"},{"time":1.3667,"x":1,"y":1}],"shear":[{"time":0,"x":0,"y":0,"curve":"stepped"},{"time":0.0333,"x":0,"y":0,"curve":"stepped"},{"time":0.0667,"x":0,"y":0,"curve":"stepped"},{"time":0.1,"x":0,"y":0,"curve":"stepped"},{"time":0.1333,"x":0,"y":0,"curve":"stepped"},{"time":0.1667,"x":0,"y":0,"curve":"stepped"},{"time":0.2,"x":0,"y":0,"curve":"stepped"},{"time":0.2333,"x":0,"y":0,"curve":"stepped"},{"time":0.2667,"x":0,"y":0,"curve":"stepped"},{"time":0.3,"x":0,"y":0,"curve":"stepped"},{"time":0.3333,"x":0,"y":0,"curve":"stepped"},{"time":0.3667,"x":0,"y":0,"curve":"stepped"},{"time":0.4,"x":0,"y":0,"curve":"stepped"},{"time":0.4333,"x":0,"y":0,"curve":"stepped"},{"time":0.4667,"x":0,"y":0,"curve":"stepped"},{"time":0.5,"x":0,"y":0,"curve":"stepped"},{"time":0.5333,"x":0,"y":0,"curve":"stepped"},{"time":0.5667,"x":0,"y":0,"curve":"stepped"},{"time":0.6,"x":0,"y":0,"curve":"stepped"},{"time":0.6333,"x":0,"y":0,"curve":"stepped"},{"time":0.6667,"x":0,"y":0,"curve":"stepped"},{"time":0.7,"x":0,"y":0,"curve":"stepped"},{"time":0.7333,"x":0,"y":0,"curve":"stepped"},{"time":0.7667,"x":0,"y":0,"curve":"stepped"},{"time":0.8,"x":0,"y":0,"curve":"stepped"},{"time":0.8333,"x":0,"y":0,"curve":"stepped"},{"time":0.8667,"x":0,"y":0,"curve":"stepped"},{"time":0.9,"x":0,"y":0,"curve":"stepped"},{"time":0.9333,"x":0,"y":0,"curve":"stepped"},{"time":0.9667,"x":0,"y":0,"curve":"stepped"},{"time":1,"x":0,"y":0,"curve":"stepped"},{"time":1.0333,"x":0,"y":0,"curve":"stepped"},{"time":1.0667,"x":0,"y":0,"curve":"stepped"},{"time":1.1,"x":0,"y":0,"curve":"stepped"},{"time":1.1333,"x":0,"y":0,"curve":"stepped"},{"time":1.1667,"x":0,"y":0,"curve":"stepped"},{"time":1.2,"x":0,"y":0,"curve":"stepped"},{"time":1.2333,"x":0,"y":0,"curve":"stepped"},{"time":1.2667,"x":0,"y":0,"curve":"stepped"},{"time":1.3,"x":0,"y":0,"curve":"stepped"},{"time":1.3333,"x":0,"y":0,"curve":"stepped"},{"time":1.3667,"x":0,"y":0}]}}}}}