{"skeleton":{"hash":"b0jKwa8LV2ORhBtbL4uCf+DSb5g","spine":"3.6.53","width":226,"height":234.85,"images":"./通比牛牛图素/"},"bones":[{"name":"root"},{"name":"流光","parent":"root"}],"slots":[{"name":"底色","bone":"root","attachment":"底色"},{"name":"通比牛牛","bone":"root","attachment":"通比牛牛"},{"name":"流光_T00000","bone":"流光","blend":"additive"},{"name":"5","bone":"root","attachment":"5"}],"skins":{"default":{"5":{"5":{"x":1.8,"y":-72.2,"width":226,"height":73}},"底色":{"底色":{"x":1.18,"y":-5.61,"width":201,"height":125}},"流光_T00000":{"流光_T00000":{"width":512,"height":512},"流光_T00001":{"width":512,"height":512},"流光_T00002":{"width":512,"height":512},"流光_T00003":{"width":512,"height":512},"流光_T00004":{"width":512,"height":512},"流光_T00005":{"width":512,"height":512},"流光_T00006":{"width":512,"height":512},"流光_T00007":{"width":512,"height":512},"流光_T00008":{"width":512,"height":512},"流光_T00009":{"width":512,"height":512}},"通比牛牛":{"通比牛牛":{"x":1.47,"y":30.75,"rotation":-8.39,"width":189,"height":165}}}},"animations":{"animation":{"slots":{"5":{"attachment":[{"time":0,"name":"5"},{"time":1.1667,"name":"5"}]},"底色":{"attachment":[{"time":0,"name":"底色"},{"time":1.1667,"name":"底色"}]},"流光_T00000":{"attachment":[{"time":0,"name":null},{"time":0.0333,"name":"流光_T00000"},{"time":0.0667,"name":"流光_T00001"},{"time":0.1,"name":"流光_T00002"},{"time":0.1333,"name":"流光_T00003"},{"time":0.1667,"name":"流光_T00004"},{"time":0.2,"name":"流光_T00005"},{"time":0.2333,"name":"流光_T00006"},{"time":0.2667,"name":"流光_T00007"},{"time":0.3,"name":"流光_T00008"},{"time":0.3333,"name":"流光_T00009"},{"time":0.3667,"name":null},{"time":1.1667,"name":null}]},"通比牛牛":{"attachment":[{"time":0,"name":"通比牛牛"},{"time":1.1667,"name":"通比牛牛"}]}},"bones":{"流光":{"rotate":[{"time":0,"angle":0,"curve":"stepped"},{"time":0.0333,"angle":0,"curve":"stepped"},{"time":0.0667,"angle":0,"curve":"stepped"},{"time":0.1,"angle":0,"curve":"stepped"},{"time":0.1333,"angle":0,"curve":"stepped"},{"time":0.1667,"angle":0,"curve":"stepped"},{"time":0.2,"angle":0,"curve":"stepped"},{"time":0.2333,"angle":0,"curve":"stepped"},{"time":0.2667,"angle":0,"curve":"stepped"},{"time":0.3,"angle":0,"curve":"stepped"},{"time":0.3333,"angle":0,"curve":"stepped"},{"time":0.3667,"angle":0,"curve":"stepped"},{"time":1.1667,"angle":0}],"translate":[{"time":0,"x":0,"y":0,"curve":"stepped"},{"time":0.0333,"x":0,"y":0,"curve":"stepped"},{"time":0.0667,"x":0,"y":0,"curve":"stepped"},{"time":0.1,"x":0,"y":0,"curve":"stepped"},{"time":0.1333,"x":0,"y":0,"curve":"stepped"},{"time":0.1667,"x":0,"y":0,"curve":"stepped"},{"time":0.2,"x":0,"y":0,"curve":"stepped"},{"time":0.2333,"x":0,"y":0,"curve":"stepped"},{"time":0.2667,"x":0,"y":0,"curve":"stepped"},{"time":0.3,"x":0,"y":0,"curve":"stepped"},{"time":0.3333,"x":0,"y":0,"curve":"stepped"},{"time":0.3667,"x":0,"y":0,"curve":"stepped"},{"time":1.1667,"x":0,"y":0}],"scale":[{"time":0,"x":1,"y":1,"curve":"stepped"},{"time":0.0333,"x":1,"y":1,"curve":"stepped"},{"time":0.0667,"x":1,"y":1,"curve":"stepped"},{"time":0.1,"x":1,"y":1,"curve":"stepped"},{"time":0.1333,"x":1,"y":1,"curve":"stepped"},{"time":0.1667,"x":1,"y":1,"curve":"stepped"},{"time":0.2,"x":1,"y":1,"curve":"stepped"},{"time":0.2333,"x":1,"y":1,"curve":"stepped"},{"time":0.2667,"x":1,"y":1,"curve":"stepped"},{"time":0.3,"x":1,"y":1,"curve":"stepped"},{"time":0.3333,"x":1,"y":1,"curve":"stepped"},{"time":0.3667,"x":1,"y":1,"curve":"stepped"},{"time":1.1667,"x":1,"y":1}],"shear":[{"time":0,"x":0,"y":0,"curve":"stepped"},{"time":0.0333,"x":0,"y":0,"curve":"stepped"},{"time":0.0667,"x":0,"y":0,"curve":"stepped"},{"time":0.1,"x":0,"y":0,"curve":"stepped"},{"time":0.1333,"x":0,"y":0,"curve":"stepped"},{"time":0.1667,"x":0,"y":0,"curve":"stepped"},{"time":0.2,"x":0,"y":0,"curve":"stepped"},{"time":0.2333,"x":0,"y":0,"curve":"stepped"},{"time":0.2667,"x":0,"y":0,"curve":"stepped"},{"time":0.3,"x":0,"y":0,"curve":"stepped"},{"time":0.3333,"x":0,"y":0,"curve":"stepped"},{"time":0.3667,"x":0,"y":0,"curve":"stepped"},{"time":1.1667,"x":0,"y":0}]},"root":{"rotate":[{"time":0,"angle":0,"curve":"stepped"},{"time":1.1667,"angle":0}],"translate":[{"time":0,"x":0,"y":0,"curve":"stepped"},{"time":1.1667,"x":0,"y":0}],"scale":[{"time":0,"x":1,"y":1,"curve":"stepped"},{"time":1.1667,"x":1,"y":1}],"shear":[{"time":0,"x":0,"y":0,"curve":"stepped"},{"time":1.1667,"x":0,"y":0}]}}}}}